Date,min_tarih,max_tarih,NET,Yıl,Hafta,TLREF,TCMB_Mevduat_1M_Onceki_Hafta,TCMB_Mevduat_3M_Onceki_Hafta,Benchmark,Benchmark_All,Full_Workday,Altin_USD,VIX,XBANK,EUR_USD,USD_TRY,EUR_TRY,Bakir,Gumus,Brent,DXY,Kur_Vol,Gram_Altin_TRY,BIST_Vol,USDT_TRY_Hacim,GT_Mevduat_Faizi,GT_En_Yuksek,WebTufe_TUFE_Aylik,Payday,Emekli_Maas_Donemi,Tax_Season,Ay_Sonu_Haftasi,Bayram_Haftasi,Bayram_Arefesi,Bayram_Sonrasi,Milli_Bayram_Haftasi,Season,Month,YearEnd,Okul_Tatili,Somestr_Tatili,Ara_Tatil,Quarter_End,Ramazan,Black_Friday,Yaz_Turizm,Kis_Turizm,Temetu_Donemi,PPK_Haftasi,PPK_Oncesi,PPK_Sonrasi,Enflasyon_Aciklama_Haftasi,Market_Anomaly,Faiz_Anomaly,Market_Stress,BIST100_Getiri,Altin_Getiri,Kur_Degisim,Sepet_Kur_Degisim,Kur_Spike,Altin_Rush,CDS_Spike,Enflasyon_Sok,Likidite_Sikisma,osawelcome,osawelcomeannual,osawelcomeannualwcurrent,osaftp,maliyet_hosgeldin_orani,total_inflow_rate,total_outflow_rate,welcome_over_tlref,is_gunu_sayisi,AOFM_Onceki_Hafta,BIST100_Onceki_Hafta,BKM_Giyim_TL_Onceki_Hafta,BKM_Saglik_Kozmetik_TL_Onceki_Hafta,BKM_Yemek_TL_Onceki_Hafta,CDS_5Y_Onceki_Hafta,Cekirdek_Enflasyon_Onceki_Hafta,Enerji_Spread_Onceki_Hafta,Enflasyon_Beklenti_12ay_Onceki_Hafta,Faiz_Spread_Onceki_Hafta,Fin_Guven_Onceki_Hafta,Fin_Guven_S02_Onceki_Hafta,Fin_Guven_S03_Onceki_Hafta,Fin_Guven_S04_Onceki_Hafta,Fin_Guven_S05_Onceki_Hafta,Fin_Guven_S06_Onceki_Hafta,Fin_Guven_S07_Onceki_Hafta,Fin_Guven_S08_Onceki_Hafta,Fin_Guven_S09_Onceki_Hafta,Fin_Guven_S10_Onceki_Hafta,Fin_Guven_S11_Onceki_Hafta,Fin_Guven_S12_Onceki_Hafta,Fin_Guven_S13_Onceki_Hafta,Fin_Guven_S14_Onceki_Hafta,Fin_Guven_S15_Onceki_Hafta,Fin_Guven_S16_Onceki_Hafta,GSYH_Buyume_Beklenti_Onceki_Hafta,Gida_Spread_Onceki_Hafta,Hizmet_vs_Gida_Onceki_Hafta,Ihtiyac_Kredi_Faizi_Onceki_Hafta,Issizlik_Onceki_Hafta,KKO_Onceki_Hafta,Lipstick_Ratio_Onceki_Hafta,PP_Getiri_Onceki_Hafta,Reel_Faiz_Onceki_Hafta,Reel_Giyim_Onceki_Hafta,Reel_Kozmetik_Onceki_Hafta,Reel_Yemek_Onceki_Hafta,Sanayi_Uretim_Onceki_Hafta,Sepet_Kur_Onceki_Hafta,TCMB_Net_Fonlama_TL_Onceki_Hafta,TUIK_TUFE_Aylik_Onceki_Hafta,Ticari_Kredi_Onceki_Hafta,Tuketici_Guven_Onceki_Hafta,WebTufe_Aclik_Siniri_Onceki_Hafta,WebTufe_Endeks_Onceki_Hafta,WebTufe_Enerji_Endeks_Onceki_Hafta,WebTufe_Gida_Endeks_Onceki_Hafta,WebTufe_Giyim_Endeks_Onceki_Hafta,WebTufe_Hizmet_Endeks_Onceki_Hafta,WebTufe_KisiselBakim_Endeks_Onceki_Hafta,WebTufe_Ulastirma_Endeks_Onceki_Hafta,Zorunlu_Harcama_Baskisi_Onceki_Hafta,avg_th_total_Onceki_Hafta,avg_vadeli_bakiye_Onceki_Hafta,avg_vadeli_tl_Onceki_Hafta,avg_vadesiz_bakiye_Onceki_Hafta,avg_vdeli_spread_Onceki_Hafta,avg_vdesiz_dahil_spread_Onceki_Hafta,baseline_hacim_Onceki_Hafta,baseline_hacim_orani_Onceki_Hafta,baseline_musteri_Onceki_Hafta,baseline_orani_Onceki_Hafta,baseline_ort_bakiye_Onceki_Hafta,farkli_kampanya_sayisi_Onceki_Hafta,kampanya_basliyor_bu_hafta_Onceki_Hafta,kampanya_basliyor_bu_hafta_hacim_Onceki_Hafta,kampanya_bitiyor_gelecek_hafta_Onceki_Hafta,kampanya_bitiyor_gelecek_hafta_hacim_Onceki_Hafta,kampanya_primi_Onceki_Hafta,kampanyali_hacim_Onceki_Hafta,kampanyali_hacim_degisim_Onceki_Hafta,kampanyali_hacim_orani_Onceki_Hafta,kampanyali_musteri_Onceki_Hafta,kampanyali_musteri_degisim_Onceki_Hafta,kampanyali_orani_Onceki_Hafta,kampanyali_ort_bakiye_Onceki_Hafta,opening_account_Onceki_Hafta,ort_kampanya_rate_Onceki_Hafta,osabook_Onceki_Hafta,osabook_basit_Onceki_Hafta,toplam_cof_basit_Onceki_Hafta,toplam_existing_Onceki_Hafta,toplam_hacim_Onceki_Hafta,toplam_hacim_degisim_Onceki_Hafta,toplam_musteri_Onceki_Hafta,toplam_musteri_degisim_Onceki_Hafta,toplam_ntb_Onceki_Hafta,welcome_bitiyor_bu_hafta_Onceki_Hafta,welcome_bitiyor_bu_hafta_hacim_Onceki_Hafta,welcome_bitiyor_gelecek_hafta_Onceki_Hafta,welcome_bitiyor_gelecek_hafta_hacim_Onceki_Hafta,welcome_ustu_hacim_Onceki_Hafta,welcome_ustu_hacim_orani_Onceki_Hafta,welcome_ustu_musteri_Onceki_Hafta,welcome_ustu_orani_Onceki_Hafta
2024-09-20,2024-09-16,2024-09-20,0.22,2024,Hafta 38,47.67,53.64,59.58,53.81,48.63,1,2650.68,18.92,13288.92,1.11,34.2,37.92,4.53,31.71,74.98,101.63,0.00121,2914.52,0.014927,16421817452919.25,88,61,2.45,1,0,0,1,0,0,0,0,4,10,0,0,0,0,0,0,0,1,0,0,1,0,0,1,0,0,0.0379,0.0,0.22,0.2007,0.0,0,0,0,0,0,53.0,69.82793264495668,61.07317642948355,47.19,0.9,4.64,4.42,1.1118103629116844,5.0,50.0,9207.49,,,,259.1,,1.03,,4.13,,158.4,171.4,173.1,168.0,158.2,172.3,173.6,170.0,169.9,168.4,171.6,106.2,94.4,96.8,127.5,,1.01,0.989247,,,,0.474,0.005344,1.72,1478.38,695.3,1046.03,,35.9,,2.27,60.73,,,,,,,,,,1.02,32639.72,29773.5,29773.5,2866.23,-0.85,3.31,33018.8,1.0,2075182.0,1.0,15911.28,12.0,0.0,0.0,0.0,0.0,0.0,0.0,0.0,0.0,0.0,0.0,0.0,0.0,4190.0,0.0,60.26,47.2,43.84,3098.0,33018.8,0.0,2075182.0,2620.0,1092.0,3219.0,469.12,3187.0,1444.29,0.0,0.0,0.0,0.0
2024-09-27,2024-09-23,2024-09-27,0.19,2024,Hafta 39,48.59,53.64,59.58,53.81,48.63,1,2650.68,18.92,13288.92,1.11,34.2,37.92,4.53,31.71,74.98,101.63,0.00121,2914.52,0.014927,16421817452919.25,88,61,2.45,1,0,0,1,0,0,0,0,4,10,0,0,0,0,0,0,0,1,0,0,0,0,0,1,0,0,0.0379,0.0,0.22,0.2007,0.0,0,0,0,0,0,53.0,69.82793264495668,61.07317642948355,47.19,0.9,4.22,4.03,1.0907594155175961,5.0,50.0,9207.49,117408.43,55647.65,83953.21,259.1,1.39,1.03,27.44,4.13,167.6,158.4,171.4,173.1,168.0,158.2,172.3,173.6,170.0,169.9,168.4,171.6,106.2,94.4,96.8,127.5,3.12,1.01,0.989247,71.09,8.8,74.9,0.474,0.005344,1.72,1478.38,695.3,1046.03,104.07,35.9,-222873.05,2.27,60.73,80.55,21079.84,80.21,82.63,81.13,79.42,80.26,80.03,80.08,1.02,32639.72,29773.5,29773.5,2866.23,-0.85,3.31,33018.8,1.0,2075182.0,1.0,15911.28,12.0,0.0,0.0,0.0,0.0,0.0,0.0,0.0,0.0,0.0,0.0,0.0,0.0,4190.0,0.0,60.26,47.2,43.84,3098.0,33018.8,0.0,2075182.0,2620.0,1092.0,3219.0,469.12,3187.0,1444.29,0.0,0.0,0.0,0.0
2024-10-04,2024-09-30,2024-10-04,1.09,2024,Hafta 40,49.94,54.03,59.05,55.61,50.06,1,2650.68,18.92,13288.92,1.11,34.2,37.92,4.53,31.71,74.98,101.63,0.00121,2914.52,0.014927,16421817452919.25,84,62,2.39,1,0,0,1,0,0,0,0,4,10,0,0,0,0,0,0,0,1,0,0,0,0,0,1,0,0,0.0518,0.0,0.22,0.2007,0.0,0,0,0,0,0,53.0,69.83,55.214078223540874,47.19,0.83,5.01,3.92,1.0612735282338808,5.0,50.0,9207.49,117408.43,55647.65,83953.21,259.1,1.39,1.03,27.44,4.13,167.6,158.4,171.4,173.1,168.0,158.2,172.3,173.6,170.0,169.9,168.4,171.6,106.2,94.4,96.8,127.5,3.12,1.01,0.989247,71.09,8.8,74.9,0.474,0.005344,1.72,1478.38,695.3,1046.03,104.07,35.9,-222873.05,2.27,60.73,80.55,21079.84,80.21,82.63,81.13,79.42,80.26,80.03,80.08,1.02,32639.72,29773.5,29773.5,2866.23,-0.85,3.31,33018.8,1.0,2075182.0,1.0,15911.28,12.0,0.0,0.0,0.0,0.0,0.0,0.0,0.0,0.0,0.0,0.0,0.0,0.0,4190.0,0.0,60.51,47.35,43.84,3098.0,33018.8,0.0,2075182.0,2620.0,1092.0,3219.0,469.12,3187.0,1444.29,0.0,0.0,0.0,0.0
2024-10-11,2024-10-07,2024-10-11,1.17,2024,Hafta 41,49.65,54.07,59.53,55.33,49.8,1,2628.8,21.26,13016.06,1.1,34.25,37.53,4.42,31.01,78.63,102.78,0.000589,2894.63,0.017494,8005447511770.896,77,75,2.39,0,0,0,0,0,0,0,0,4,10,0,0,0,0,0,0,0,1,0,0,0,1,0,1,0,0,0.2274,-2.15,-0.68,0.1447,-0.3564,0,0,0,0,0,53.0,69.83,55.214078223540874,47.21,0.83,4.46,3.29,1.0674723061430011,5.0,50.0,9207.49,117408.43,55647.65,83953.21,259.1,1.39,1.03,27.44,4.13,167.6,158.4,171.4,173.1,168.0,158.2,172.3,173.6,170.0,169.9,168.4,171.6,106.2,94.4,96.8,127.5,3.12,1.01,0.988791,71.09,8.5,74.9,0.474,0.006849,1.77,1479.03,695.43,1045.25,104.08,35.9,-222873.05,2.27,60.73,80.55,21137.38,80.21,82.67,81.23,79.38,80.32,80.02,80.08,1.02,32639.72,29773.5,29773.5,2866.23,-0.85,3.31,33018.8,1.0,2075182.0,1.0,15911.28,12.0,0.0,0.0,0.0,0.0,0.0,0.0,0.0,0.0,0.0,0.0,0.0,0.0,4190.0,0.0,61.7,48.09,43.84,3098.0,33018.8,0.0,2075182.0,2620.0,1092.0,3219.0,469.12,3187.0,1444.29,0.0,0.0,0.0,0.0
2024-10-18,2024-10-14,2024-10-18,-0.32,2024,Hafta 42,48.68,54.18,59.24,54.35,48.92,1,2677.58,19.41,12701.56,1.09,34.22,37.22,4.33,31.8,74.69,103.49,0.000764,2945.5,0.016376,10374880605928.111,78,71,2.39,1,1,0,0,0,0,0,0,4,10,0,0,0,0,0,0,0,1,0,0,1,1,1,0,0,0,0.0641,-1.64,1.76,-0.0958,-0.4121,0,0,0,0,1,52.0,68.14,53.135219009993364,47.26,0.82,4.46,4.79,1.0682004930156122,5.0,50.0,9009.83,118024.86,55939.82,84393.99,259.1,2.73,1.03,27.44,4.53,167.6,158.4,171.4,173.1,168.0,158.2,172.3,173.6,170.0,169.9,168.4,171.6,106.2,94.4,96.8,127.5,3.12,1.01,0.988791,71.71,8.5,74.9,0.474,0.006849,1.74,1479.03,695.43,1045.25,104.08,35.77,-322649.58,2.27,60.03,80.55,21248.36,80.63,83.11,81.66,79.8,80.74,80.44,80.5,1.02,34164.1,31187.87,31187.87,2976.23,-1.11,3.04,35014.09,1.0,2079420.0,1.0,16838.39,12.0,0.0,0.0,0.0,0.0,0.0,0.0,0.0,0.0,0.0,0.0,0.0,0.0,4631.0,0.0,62.23,48.42,44.22,3421.0,35014.09,1995.29,2079420.0,4238.0,1210.0,2885.0,485.11,3045.0,1430.58,0.0,0.0,0.0,0.0
2024-10-25,2024-10-21,2024-10-25,-0.69,2024,Hafta 43,49.02,53.81,59.07,54.7,49.23,1,2731.5,19.04,12015.22,1.08,34.27,37.04,4.33,33.91,75.14,104.17,0.001421,3009.25,0.018557,19324929851686.777,67,63,2.39,0,1,0,1,0,0,0,0,4,10,0,0,0,0,0,0,0,1,0,0,0,0,1,0,0,0,0.3171,-0.73,2.16,0.1467,-0.0736,0,0,0,0,0,52.0,68.14,53.135219009993364,47.27,0.82,4.08,4.78,1.0607915136678905,5.0,50.0,8862.29,118644.5,56233.51,84837.07,259.1,2.73,1.03,27.44,5.13,167.6,158.4,171.4,173.1,168.0,158.2,172.3,173.6,170.0,169.9,168.4,171.6,106.2,94.4,96.8,127.5,3.12,1.01,0.988791,71.08,8.5,74.9,0.474,0.006849,1.66,1479.03,695.43,1045.25,104.08,35.62,-464118.56,2.27,59.02,80.55,21359.92,81.05,83.54,82.08,80.22,81.16,80.86,80.92,1.02,34883.59,31848.81,31848.81,3034.78,0.41,4.43,34456.96,1.0,2082924.0,1.0,16542.59,13.0,0.0,0.0,0.0,0.0,0.0,0.0,0.0,0.0,0.0,0.0,0.0,0.0,4505.0,0.0,59.31,46.6,42.53,3340.0,34456.96,-557.13,2082924.0,3504.0,1165.0,2762.0,536.28,4200.0,2103.13,0.0,0.0,0.0,0.0
2024-11-01,2024-10-28,2024-11-01,0.07,2024,Hafta 44,48.82,53.78,59.2,54.5,49.05,0,2755.34,20.91,12101.38,1.08,34.28,37.14,4.33,33.44,72.27,104.17,0.000377,3037.14,0.014024,5128518272723.626,72,64,2.39,1,0,0,1,0,0,0,1,4,10,0,0,0,0,0,0,0,1,0,0,0,0,0,1,0,0,-0.0468,1.45,0.93,0.0537,0.3092,0,0,0,0,0,52.0,68.14,53.135219009993364,47.27,0.82,4.75,4.68,1.0651372388365423,3.5,50.0,8797.8,119267.37,56528.73,85282.45,259.1,2.73,1.03,27.44,4.76,167.6,158.4,171.4,173.1,168.0,158.2,172.3,173.6,170.0,169.9,168.4,171.6,106.2,94.4,96.8,127.5,3.12,1.01,0.988791,70.35,8.5,74.9,0.474,0.006849,1.69,1479.03,695.43,1045.25,104.08,35.59,-586040.2,2.27,59.47,80.55,21472.05,81.48,83.98,82.52,80.64,81.59,81.29,81.35,1.02,33521.24,30603.11,30603.11,2918.13,0.72,4.72,33304.26,1.0,2086098.0,1.0,15964.86,14.0,0.0,0.0,0.0,0.0,0.0,0.0,0.0,0.0,0.0,0.0,0.0,0.0,3886.0,0.0,59.55,46.75,42.68,2895.0,33304.26,-1152.7,2086098.0,3174.0,991.0,3751.0,602.68,3100.0,1147.9,0.0,0.0,0.0,0.0
2024-11-08,2024-11-04,2024-11-08,0.18,2024,Hafta 45,49.76,53.43,58.77,55.43,49.9,1,2705.98,17.78,11621.36,1.08,34.31,37.18,4.36,31.9,75.01,104.38,0.001247,2984.55,0.020759,16978406030197.803,71,63,2.39,0,0,1,0,0,0,0,0,4,11,0,0,0,1,0,0,0,0,0,0,0,0,0,1,0,1,0.3018,-0.79,-1.73,0.0604,-0.3009,0,0,0,0,0,52.0,68.14,53.135219009993364,47.05,0.82,4.51,4.33,1.045016077170418,5.0,50.0,8925.31,119893.6,56825.54,85730.24,259.1,1.59,1.03,27.2,4.61,173.6,171.7,176.9,172.1,174.6,172.7,178.8,172.4,169.5,171.6,165.0,171.9,77.5,56.7,36.9,138.8,3.07,1.01,0.988792,69.66,8.4,76.1,0.474,0.006849,1.68,1479.03,695.43,1045.25,106.86,35.7,-532211.15,2.27,60.34,79.77,20593.11,81.9,84.42,82.95,81.06,82.02,81.71,81.77,1.02,33225.82,30306.46,30306.46,2919.36,0.61,4.65,33492.9,1.0,2089314.0,1.0,16030.57,14.0,0.0,0.0,0.0,0.0,0.0,0.0,0.0,0.0,0.0,0.0,0.0,0.0,3788.0,0.0,59.36,46.63,42.52,2845.0,33492.9,188.63,2089314.0,3216.0,943.0,2934.0,668.78,2626.0,1182.87,0.0,0.0,0.0,0.0
2024-11-15,2024-11-11,2024-11-15,0.61,2024,Hafta 46,49.18,53.23,58.78,53.06,47.76,1,2585.18,14.83,12909.24,1.06,34.34,36.45,4.1,30.54,71.92,106.28,0.002199,2854.03,0.011782,29966447724175.01,67,63,2.39,1,1,1,0,0,0,0,0,4,11,0,0,0,1,0,0,0,0,0,0,0,1,0,0,0,0,-0.2021,5.28,-4.37,0.0956,-0.8197,0,1,0,0,0,52.0,68.14,53.93265642930884,46.91,0.83,4.46,3.85,1.0573403822692151,5.0,50.0,8855.14,120523.05,57123.88,86180.33,259.1,2.73,1.03,27.2,3.47,173.6,171.7,176.9,172.1,174.6,172.7,178.8,172.4,169.5,171.6,165.0,171.9,77.5,56.7,36.9,138.8,3.07,1.01,0.988792,70.46,8.4,76.1,0.474,0.006849,1.75,1479.03,695.43,1045.25,106.86,35.6,-328909.35,2.27,60.73,79.77,20748.2,82.33,84.87,83.38,81.49,82.45,82.14,82.2,1.02,33630.09,30705.1,30705.1,2924.98,0.12,4.15,33807.81,1.0,2092021.0,1.0,16160.36,15.0,0.0,0.0,0.0,0.0,0.0,0.0,0.0,0.0,0.0,0.0,0.0,0.0,3645.0,0.0,59.36,46.63,42.57,2658.0,33807.81,314.91,2092021.0,2707.0,987.0,2446.0,515.7,2582.0,1134.43,0.0,0.0,0.0,0.0
2024-11-22,2024-11-18,2024-11-22,0.47,2024,Hafta 47,49.27,53.24,58.9,53.15,47.84,1,2653.58,16.24,13237.36,1.06,34.48,36.35,4.11,31.11,73.76,106.73,0.00294,2941.97,0.016288,40227619288177.65,70,78,2.39,0,1,1,0,0,0,0,0,4,11,0,0,0,0,0,0,0,0,0,0,1,1,1,0,0,0,0.3392,-0.08,3.08,0.4231,-0.2277,0,0,0,0,0,52.0,68.14,53.93265642930884,46.71,0.83,4.08,3.61,1.0554089709762533,5.0,50.0,9322.8,121155.87,57423.82,86632.83,259.1,2.73,1.03,27.2,4.06,173.6,171.7,176.9,172.1,174.6,172.7,178.8,172.4,169.5,171.6,165.0,171.9,77.5,56.7,36.9,138.8,3.07,1.01,0.988792,70.38,8.4,76.1,0.474,0.006849,1.71,1479.03,695.43,1045.25,106.86,35.3,-501182.16,2.27,57.85,79.77,21065.38,82.77,85.31,83.82,81.92,82.88,82.57,82.63,1.02,34084.36,31146.58,31146.58,2937.79,-0.22,3.79,34876.38,1.0,2095429.0,1.0,16644.03,14.0,0.0,0.0,0.0,0.0,0.0,0.0,0.0,0.0,0.0,0.0,0.0,0.0,4624.0,0.0,60.41,47.28,43.16,3533.0,34876.38,1068.57,2095429.0,3408.0,1091.0,2436.0,591.19,3460.0,1423.14,0.0,0.0,0.0,0.0
2024-11-29,2024-11-25,2024-11-29,0.1,2024,Hafta 48,49.44,53.31,59.22,53.32,47.99,1,2633.5,14.08,14043.1,1.05,34.59,36.34,4.07,30.35,72.9,106.41,0.003266,2927.88,0.015621,44830799723664.72,59,64,2.39,1,1,1,1,0,0,0,0,4,11,0,0,0,0,0,0,1,0,0,0,0,0,1,1,0,0,0.2136,3.54,-0.48,0.3126,0.9618,0,0,0,0,0,52.0,68.14,54.73423499386194,46.79,0.84,3.63,3.53,1.051779935275081,5.0,50.0,9315.55,121791.91,57725.28,87087.63,259.1,2.73,1.03,27.2,4.04,173.6,171.7,176.9,172.1,174.6,172.7,178.8,172.4,169.5,171.6,165.0,171.9,77.5,56.7,36.9,138.8,3.07,1.01,0.988792,70.69,8.4,76.1,0.474,0.006849,1.71,1479.03,695.43,1045.25,106.86,35.22,-636607.31,2.27,59.9,79.77,21274.45,83.2,85.76,84.26,82.35,83.32,83.01,83.07,1.02,35327.22,32311.75,32311.75,3015.46,-0.72,3.28,35645.5,1.0,2097723.0,1.0,16992.47,12.0,0.0,0.0,0.0,0.0,0.0,0.0,0.0,0.0,0.0,0.0,0.0,0.0,3083.0,0.0,60.69,47.46,43.4,2286.0,35645.5,769.13,2097723.0,2294.0,797.0,3238.0,712.12,3834.0,1772.94,0.0,0.0,0.0,0.0
2024-12-06,2024-12-02,2024-12-06,-0.07,2024,Hafta 49,49.63,53.36,58.99,53.51,48.17,1,2639.72,13.28,14499.66,1.05,34.74,36.58,4.13,31.07,72.19,106.17,0.001119,2948.22,0.005079,15426579599193.613,67,71,2.39,0,0,0,0,0,0,0,0,1,12,0,0,0,0,0,0,1,0,1,0,0,0,0,1,0,0,-0.9597,2.45,0.69,0.4255,0.4097,0,0,0,0,0,52.0,68.14,54.73423499386194,46.89,0.84,3.98,4.05,1.0477533749748136,5.0,50.0,9645.59,122431.32,58028.34,87544.84,259.1,2.73,1.03,27.2,3.92,173.6,171.7,176.9,172.1,174.6,172.7,178.8,172.4,169.5,171.6,165.0,171.9,77.5,56.7,36.9,138.8,3.07,1.01,0.988792,70.31,8.4,76.1,0.474,0.006849,1.73,1479.03,695.43,1045.25,106.86,35.56,-574016.49,2.27,59.78,79.77,21438.22,83.64,86.21,84.7,82.78,83.75,83.44,83.5,1.02,35725.22,32693.19,32693.19,3032.03,-0.78,3.21,35851.04,1.0,2099977.0,1.0,17072.11,11.0,0.0,0.0,0.0,0.0,0.0,0.0,0.0,0.0,0.0,0.0,0.0,0.0,3085.0,0.0,60.89,47.59,43.52,2411.0,35851.04,205.54,2099977.0,2254.0,674.0,3621.0,915.33,3455.0,1304.81,0.0,0.0,0.0,0.0
2024-12-13,2024-12-09,2024-12-13,-0.08,2024,Hafta 50,49.63,53.44,59.26,53.52,48.17,1,2687.96,13.94,14727.98,1.05,34.85,36.67,4.2,31.8,73.15,106.64,0.000608,3011.8,0.01161,8408453087004.384,57,66,2.39,1,0,0,0,0,0,0,0,1,12,0,0,0,0,0,0,0,0,1,0,0,0,0,0,0,0,-0.6639,2.4,2.16,0.3241,-0.0482,0,0,0,0,0,52.0,68.14,54.73423499386194,46.9,0.84,3.35,3.43,1.0477533749748136,5.0,50.0,9882.27,123074.1,58332.99,88004.46,259.1,2.73,1.03,27.2,3.81,173.6,171.7,176.9,172.1,174.6,172.7,178.8,172.4,169.5,171.6,165.0,171.9,77.5,56.7,36.9,138.8,3.07,1.01,0.988791,69.77,8.4,76.1,0.474,0.006849,1.74,1479.03,695.43,1045.25,106.86,35.71,-392047.9,2.27,61.25,79.77,21627.43,84.08,86.66,85.15,83.21,84.19,83.88,83.94,1.02,35903.81,32846.67,32846.67,3057.15,-0.75,3.27,35722.83,1.0,2100959.0,1.0,17003.11,13.0,0.0,0.0,0.0,0.0,0.0,0.0,0.0,0.0,0.0,0.0,0.0,0.0,2182.0,0.0,60.92,47.6,43.54,1622.0,35722.83,-128.21,2100959.0,982.0,560.0,3284.0,560.83,2816.0,1038.81,0.0,0.0,0.0,0.0
2024-12-20,2024-12-16,2024-12-20,-0.59,2024,Hafta 51,49.27,53.87,58.98,53.16,47.85,1,2630.64,20.13,14205.86,1.04,35.02,36.58,4.08,30.09,73.26,107.58,0.00094,2961.94,0.008071,13063325222781.844,60,61,2.39,0,1,0,0,0,0,0,0,1,12,1,0,0,0,0,0,0,0,1,0,0,1,0,0,0,0,-0.307,-2.34,-1.66,0.4875,0.1322,0,0,0,0,0,52.0,68.14,53.93265642930884,46.87,0.83,3.57,4.17,1.0554089709762533,5.0,50.0,10119.8,123720.24,58639.24,88466.49,259.1,2.73,1.03,27.2,4.24,173.6,171.7,176.9,172.1,174.6,172.7,178.8,172.4,169.5,171.6,165.0,171.9,77.5,56.7,36.9,138.8,3.07,1.01,0.988792,68.85,8.4,76.1,0.474,0.006849,1.74,1479.03,695.43,1045.25,106.86,35.69,-357966.82,2.27,59.69,79.77,21728.28,84.52,87.12,85.6,83.65,84.64,84.32,84.38,1.02,35593.95,32582.6,32582.6,3011.35,-0.81,3.18,35576.44,1.0,2101736.0,1.0,16927.17,13.0,0.0,0.0,0.0,0.0,0.0,0.0,0.0,0.0,0.0,0.0,0.0,0.0,2076.0,0.0,61.27,47.82,43.75,1525.0,35576.44,-146.39,2101736.0,777.0,551.0,2649.0,455.47,3910.0,1138.0,0.0,0.0,0.0,0.0
2024-12-27,2024-12-23,2024-12-27,-0.81,2024,Hafta 52,48.78,53.84,59.26,52.66,47.4,1,2622.08,15.43,14310.2,1.04,35.12,36.6,4.05,29.89,73.41,108.11,0.004046,2965.65,0.006952,56388446433658.02,73,81,2.39,0,1,0,1,0,0,0,0,1,12,1,0,0,0,1,0,0,0,1,0,1,1,1,0,0,0,0.0169,-0.45,0.13,0.2833,0.3807,0,0,0,0,0,52.0,68.14,53.93265642930884,46.8,0.83,3.32,4.12,1.066010660106601,5.0,50.0,9882.86,124369.75,58947.08,88930.92,259.1,2.73,1.03,27.2,4.57,173.6,171.7,176.9,172.1,174.6,172.7,178.8,172.4,169.5,171.6,165.0,171.9,77.5,56.7,36.9,138.8,3.07,1.01,0.988792,69.23,8.4,76.1,0.474,0.006849,1.71,1479.03,695.43,1045.25,106.86,35.74,-514542.48,2.27,60.27,79.77,21873.52,84.96,87.58,86.05,84.09,85.08,84.76,84.83,1.02,35282.38,32264.09,32264.09,3018.29,-0.65,3.38,34526.23,1.0,2100746.0,1.0,16435.22,13.0,0.0,0.0,0.0,0.0,0.0,0.0,0.0,0.0,0.0,0.0,0.0,0.0,2093.0,0.0,59.98,47.02,42.97,1639.0,34526.23,-1050.21,2100746.0,-990.0,454.0,3724.0,511.23,3290.0,1206.16,0.0,0.0,0.0,0.0
2025-01-03,2024-12-30,2025-01-03,0.7,2025,Hafta 1,47.31,53.49,58.8,49.0,44.1,0,2634.8,17.2,14818.68,1.04,35.31,36.58,4.01,29.37,75.37,108.74,0.004688,2991.01,0.011753,65689365099390.3,61,57,2.39,1,0,0,1,0,0,0,1,1,1,0,0,0,0,0,0,0,0,1,0,0,0,1,1,0,0,0.5786,1.03,0.86,0.5347,0.3711,0,0,0,0,0,52.0,68.14,53.93265642930884,46.49,0.83,4.65,3.95,1.099133375607694,4.0,49.88,9838.0,125022.77,59256.59,89397.86,259.1,2.73,1.03,27.2,4.71,173.6,171.7,176.9,172.1,174.6,172.7,178.8,172.4,169.5,171.6,165.0,171.9,77.5,56.7,36.9,138.8,3.07,1.01,0.988792,70.08,8.4,76.1,0.474,0.006833,1.67,1479.03,695.43,1045.25,106.86,35.88,-610615.64,2.27,59.63,79.77,21967.33,85.41,88.03,86.5,84.53,85.53,85.21,85.27,1.02,33549.87,30674.35,30674.35,2875.51,-0.46,3.55,33167.58,1.0,2101654.0,1.0,15781.66,13.0,0.0,0.0,0.0,0.0,0.0,0.0,0.0,0.0,0.0,0.0,0.0,0.0,1959.0,0.0,60.31,47.22,43.16,1495.0,33167.58,-1358.64,2101654.0,908.0,464.0,3159.0,597.58,2997.0,1100.71,0.0,0.0,0.0,0.0
2025-01-10,2025-01-06,2025-01-10,0.87,2025,Hafta 2,46.75,52.83,56.91,47.88,43.1,1,2670.38,17.77,14917.9,1.03,35.34,36.49,4.21,30.62,77.24,108.94,0.00219,3033.89,0.010606,30712870161947.324,66,68,2.39,0,0,0,0,0,0,0,0,1,1,0,0,0,0,0,0,0,0,1,0,0,0,0,1,0,0,-0.0438,0.33,1.43,0.0833,-0.408,0,0,0,0,0,51.0,66.47,53.44143699536757,45.59,0.84,4.1,3.24,1.0909090909090908,5.0,48.22,9939.2,104504.93,65001.75,95596.05,259.1,5.94,0.91,25.38,5.52,168.5,158.6,170.5,176.3,167.9,157.4,169.9,176.4,182.1,184.9,186.6,174.9,134.5,118.9,115.7,168.8,3.06,1.02,0.957594,72.5,9.0,74.6,0.622,0.006605,1.55,1187.02,770.86,1144.21,109.93,36.01,-510691.04,2.27,62.19,80.96,22185.11,85.86,78.46,87.25,88.04,83.55,84.32,87.18,0.97,33617.17,30649.91,30649.91,2967.26,-0.59,3.52,34407.73,1.0,2102432.0,1.0,16365.68,13.0,0.0,0.0,0.0,0.0,0.0,0.0,0.0,0.0,0.0,0.0,0.0,0.0,1981.0,0.0,60.55,47.38,43.29,1498.0,34407.73,1240.15,2102432.0,778.0,483.0,2891.0,622.4,3747.0,1065.63,0.0,0.0,0.0,0.0
2025-01-17,2025-01-13,2025-01-17,0.91,2025,Hafta 3,46.61,52.46,55.43,47.83,43.05,1,2710.84,17.32,14764.44,1.03,35.47,36.47,4.34,30.8,81.01,109.33,0.001131,3091.68,0.011348,15919650799315.084,65,72,2.39,1,1,0,0,0,0,0,0,1,1,0,0,0,0,0,0,0,0,1,0,0,1,0,0,0,0,-0.2923,-1.66,1.9,0.3832,0.2086,0,0,0,0,0,50.0,64.82,52.15941092376883,45.03,0.84,4.04,3.14,1.072731173567904,5.0,47.7,9971.92,105967.05,65911.19,96933.53,260.67,2.73,0.94,25.38,5.71,168.5,158.6,170.5,176.3,167.9,157.4,169.9,176.4,182.1,184.9,186.6,174.9,134.5,118.9,115.7,168.8,3.06,1.01,0.951468,69.98,9.0,74.6,0.622,0.006534,1.5,1203.54,781.06,1154.97,109.93,35.86,-685688.81,2.27,60.01,80.96,22460.34,87.06,81.63,88.21,88.05,83.93,84.39,88.05,0.98,35305.59,32299.25,32299.25,3006.34,-1.66,2.32,35906.2,1.0,2103382.0,1.0,17070.7,14.0,0.0,0.0,0.0,0.0,0.0,0.0,0.0,0.0,0.0,0.0,0.0,0.0,2291.0,0.0,59.56,46.75,42.77,1649.0,35906.2,1498.46,2103382.0,950.0,642.0,3575.0,532.11,3493.0,1012.43,0.0,0.0,0.0,0.0
2025-01-24,2025-01-20,2025-01-24,0.46,2025,Hafta 4,46.45,52.25,54.98,46.83,42.15,1,2765.75,15.01,15544.94,1.04,35.62,36.99,4.29,31.06,78.77,107.93,0.000935,3168.57,0.006148,13216463769857.418,58,71,2.39,0,1,0,0,0,0,0,0,1,1,0,0,1,0,0,0,0,0,1,0,1,1,1,0,0,0,-0.8107,2.69,2.49,0.4048,1.4392,0,0,0,0,0,50.0,64.82,52.15941092376883,44.19,0.84,3.75,3.29,1.0764262648008611,5.0,47.5,9806.68,106720.76,66379.99,97622.98,269.49,2.73,0.94,25.38,5.64,168.5,158.6,170.5,176.3,167.9,157.4,169.9,176.4,182.1,184.9,186.6,174.9,134.5,118.9,115.7,168.8,3.06,1.02,0.952427,68.3,9.0,74.6,0.622,0.006507,1.49,1210.89,783.86,1151.61,109.93,35.94,-1022309.09,2.27,59.09,80.96,22850.97,87.68,82.19,89.01,88.13,84.77,84.68,89.1,0.98,36943.12,33824.16,33824.16,3118.95,-1.48,2.41,37631.43,1.0,2104538.0,1.0,17881.09,14.0,0.0,0.0,0.0,0.0,0.0,0.0,0.0,0.0,0.0,0.0,0.0,0.0,2304.0,0.0,58.33,45.98,42.1,1714.0,37631.43,1725.23,2104538.0,1156.0,590.0,3344.0,481.75,3147.0,1326.75,0.0,0.0,0.0,0.0
2025-01-31,2025-01-27,2025-01-31,0.29,2025,Hafta 5,44.41,51.41,53.8,46.83,42.15,1,2781.78,16.63,15289.8,1.04,35.74,37.27,4.25,31.34,76.96,107.88,0.002408,3196.43,0.00857,34152364310273.555,62,69,2.39,1,0,0,1,0,0,0,0,1,1,0,0,1,0,0,0,0,0,1,0,0,0,1,1,0,0,-0.1945,-0.14,0.88,0.3442,0.0033,0,0,0,0,0,49.0,63.18,50.88806726911592,43.8,0.84,3.74,3.45,1.1033551002026571,5.0,47.0,10070.37,107308.67,66745.67,98160.78,264.84,2.73,0.94,25.38,4.96,168.5,158.6,170.5,176.3,167.9,157.4,169.9,176.4,182.1,184.9,186.6,174.9,134.5,118.9,115.7,168.8,3.06,1.01,0.962796,67.09,9.0,74.6,0.622,0.006438,1.48,1215.46,782.43,1144.03,109.93,36.45,-1094753.6,2.27,60.04,80.96,22930.73,88.16,82.69,89.12,88.29,85.8,85.31,89.83,0.97,37919.69,34731.6,34731.6,3188.08,-1.82,2.01,38501.43,1.0,2105795.0,1.0,18283.56,14.0,0.0,0.0,0.0,0.0,0.0,0.0,0.0,0.0,0.0,0.0,0.0,0.0,2287.0,0.0,58.53,46.11,42.21,1713.0,38501.43,870.01,2105795.0,1257.0,574.0,3000.0,673.67,3868.0,948.87,0.0,0.0,0.0,0.0
2025-02-07,2025-02-03,2025-02-07,0.41,2025,Hafta 6,44.6,50.7,52.53,46.33,41.7,1,2856.42,16.73,14618.06,1.03,35.94,37.17,4.42,32.6,75.14,108.05,0.001704,3300.24,0.012375,24302861225061.426,67,73,3.29,0,0,0,0,0,0,0,0,1,2,0,0,1,0,0,0,0,0,1,0,0,0,0,1,0,0,-0.1418,-2.36,3.25,0.5518,0.3973,0,0,0,0,0,48.0,61.56,49.62731726321516,43.22,0.84,4.4,3.99,1.0762331838565022,5.0,45.0,10056.62,107769.51,67032.31,98582.33,256.49,2.73,0.94,25.38,6.29,168.5,158.6,170.5,176.3,167.9,157.4,169.9,176.4,182.1,184.9,186.6,174.9,134.5,118.9,115.7,168.8,3.06,1.01,0.965868,63.84,9.0,74.6,0.622,0.006164,1.31,1212.18,780.39,1142.11,109.93,36.45,-792367.64,2.27,57.95,80.96,23121.66,88.54,83.08,89.37,88.91,86.32,85.9,89.87,0.97,38896.27,35624.07,35624.07,3272.2,-1.32,2.45,39069.77,1.0,2107146.0,1.0,18541.56,14.0,0.0,0.0,0.0,0.0,0.0,0.0,0.0,0.0,0.0,0.0,0.0,0.0,2353.0,0.0,56.57,44.86,41.05,1746.0,39069.77,568.34,2107146.0,1351.0,607.0,3741.0,486.48,3076.0,1088.45,0.0,0.0,0.0,0.0
2025-02-14,2025-02-10,2025-02-14,-0.01,2025,Hafta 7,44.58,49.79,52.45,45.17,40.66,1,2909.06,15.52,14499.1,1.04,36.04,37.33,4.68,32.55,75.56,107.62,0.001913,3370.73,0.011016,27359584404309.605,55,71,3.29,1,0,0,0,0,0,0,0,1,2,0,0,0,0,0,0,0,0,1,0,0,0,0,0,0,0,-0.2612,0.42,2.14,0.2888,0.9657,0,0,0,0,0,48.0,61.56,48.91161111193421,43.04,0.83,3.24,3.25,1.0767160161507403,5.0,45.0,9819.02,108593.45,67544.79,99336.03,251.3,3.76,0.95,25.38,5.19,168.5,158.6,170.5,176.3,167.9,157.4,169.9,176.4,182.1,184.9,186.6,174.9,134.5,118.9,115.7,168.8,3.06,1.01,0.960072,64.62,9.0,74.6,0.622,0.006164,0.43,1206.55,772.81,1144.53,109.93,36.6,-728649.94,2.27,57.08,80.96,23400.88,89.21,84.9,90.4,90.0,86.79,87.4,90.12,0.98,39665.07,36312.34,36312.34,3352.73,-1.32,2.42,39872.85,1.0,2108339.0,1.0,18911.97,15.0,0.0,0.0,0.0,0.0,0.0,0.0,0.0,0.0,0.0,0.0,0.0,0.0,2274.0,0.0,55.32,44.06,40.34,1687.0,39872.85,803.08,2108339.0,1193.0,587.0,2935.0,551.27,2601.0,880.86,0.0,0.0,0.0,0.0
2025-02-21,2025-02-17,2025-02-21,-0.58,2025,Hafta 8,44.61,49.46,52.33,45.17,40.66,1,2932.15,16.12,14683.54,1.05,36.28,37.97,4.58,33.18,75.7,106.79,0.001166,3422.48,0.010471,16787095944269.668,55,64,3.29,0,1,0,0,0,0,0,0,1,2,0,0,0,0,0,0,0,0,1,0,0,0,0,0,0,0,-0.4254,-0.76,1.54,0.6787,0.5932,0,0,0,0,0,47.0,59.95,49.075324968792366,42.76,0.85,3.19,3.77,1.053575431517597,5.0,45.0,9860.1,109673.85,68216.8,100324.33,249.32,3.76,0.95,25.38,4.88,168.5,158.6,170.5,176.3,167.9,157.4,169.9,176.4,182.1,184.9,186.6,174.9,134.5,118.9,115.7,168.8,3.06,1.01,0.967844,64.13,9.0,74.6,0.622,0.006164,0.43,1196.15,764.97,1136.47,109.93,36.95,-1010979.26,2.27,56.07,80.96,23641.68,90.1,85.41,91.21,91.69,88.28,89.18,90.49,0.98,39862.94,36531.17,36531.17,3331.77,-1.06,2.6,39921.02,1.0,2108990.0,1.0,18928.98,15.0,0.0,0.0,0.0,0.0,0.0,0.0,0.0,0.0,0.0,0.0,0.0,0.0,1797.0,0.0,54.54,43.55,39.9,1370.0,39921.02,48.17,2108990.0,651.0,427.0,2492.0,428.61,2310.0,986.21,0.0,0.0,0.0,0.0
2025-02-28,2025-02-24,2025-02-28,-0.73,2025,Hafta 9,44.69,49.0,52.36,44.5,40.05,1,2897.84,19.65,14950.56,1.05,36.47,38.17,4.53,31.93,73.51,106.84,0.000873,3397.61,0.013191,12634549196014.049,51,66,3.29,1,1,0,1,0,0,0,0,1,2,0,0,0,0,0,1,0,0,1,0,0,1,0,1,0,0,-0.0707,-1.9,-0.73,0.5057,-0.1876,0,0,0,0,0,47.0,59.95,47.68208239416409,42.58,0.83,3.04,3.77,1.0516894159767287,5.0,45.0,9785.34,110779.08,68904.26,101335.34,242.98,3.76,0.95,25.38,4.39,168.5,158.6,170.5,176.3,167.9,157.4,169.9,176.4,182.1,184.9,186.6,174.9,134.5,118.9,115.7,168.8,3.06,1.02,0.94731,63.11,9.0,74.6,0.622,0.006164,0.43,1178.96,760.0,1153.08,109.93,37.17,-1051053.06,2.27,56.57,80.96,24091.89,91.01,86.22,92.77,93.96,87.88,90.66,90.72,0.98,39082.32,35819.63,35819.63,3262.69,-0.54,3.04,38754.46,1.0,2109581.0,1.0,18370.69,15.0,0.0,0.0,0.0,0.0,0.0,0.0,0.0,0.0,0.0,0.0,0.0,0.0,1826.0,0.0,54.23,43.35,39.75,1405.0,38754.46,-1166.56,2109581.0,591.0,421.0,2199.0,443.29,2878.0,1129.77,0.0,0.0,0.0,0.0
2025-03-07,2025-03-03,2025-03-07,-0.4,2025,Hafta 10,44.3,48.81,52.2,44.5,40.05,1,2907.28,23.29,16227.28,1.06,36.46,38.71,4.67,32.52,70.36,105.23,0.001189,3407.49,0.01599,17203161352579.748,63,70,3.45,0,0,1,0,0,0,0,0,2,3,0,0,0,0,0,1,0,0,1,0,1,1,1,1,0,1,0.4434,6.18,0.29,-0.0354,2.0183,0,0,0,0,0,47.0,59.95,48.377072873498946,42.31,0.84,3.75,4.15,1.0609480812641083,5.0,45.0,9599.88,112083.09,69715.34,102528.18,252.25,3.76,0.94,25.38,4.12,168.5,158.6,170.5,176.3,167.9,157.4,169.9,176.4,182.1,184.9,186.6,174.9,134.5,118.9,115.7,168.8,3.06,1.02,0.917599,64.76,9.0,74.6,0.622,0.006164,0.44,1144.46,750.49,1185.11,109.93,37.1,-881967.63,2.27,55.25,80.96,24578.15,92.08,86.59,94.28,97.94,86.51,92.89,91.15,0.98,37756.15,34605.82,34605.82,3150.34,-0.47,3.1,37390.26,1.0,2110294.0,1.0,17718.04,15.0,0.0,0.0,0.0,0.0,0.0,0.0,0.0,0.0,0.0,0.0,0.0,0.0,1684.0,0.0,52.95,42.52,38.92,1243.0,37390.26,-1364.2,2110294.0,713.0,441.0,2731.0,523.27,3348.0,1242.52,0.0,0.0,0.0,0.0
2025-03-14,2025-03-10,2025-03-14,0.91,2025,Hafta 11,42.32,47.44,51.73,45.0,40.5,1,2944.36,25.09,16503.46,1.09,36.59,39.76,4.79,33.38,70.05,103.7,0.001301,3463.33,0.01299,18890760840066.027,57,61,3.45,1,0,1,0,0,0,0,0,2,3,0,0,0,0,0,1,0,0,1,0,0,0,1,0,0,0,0.4394,4.01,1.64,0.3566,0.6829,0,0,0,0,0,47.0,59.95,47.68208239416409,41.97,0.83,3.85,2.94,1.110586011342155,5.0,44.5,10192.82,113174.81,70394.39,103526.84,255.47,3.94,0.94,25.38,3.14,168.5,158.6,170.5,176.3,167.9,157.4,169.9,176.4,182.1,184.9,186.6,174.9,134.5,118.9,115.7,168.8,3.06,1.03,0.91802,64.12,9.0,74.6,0.622,0.006096,0.24,1147.94,756.23,1180.69,109.93,37.85,-853583.76,2.46,57.02,80.96,24830.22,92.98,87.1,95.51,98.59,87.68,93.09,90.62,0.98,36813.37,33733.73,33733.73,3079.63,-0.75,2.82,36639.31,1.0,2110855.0,1.0,17357.57,14.0,0.0,0.0,0.0,0.0,0.0,0.0,0.0,0.0,0.0,0.0,0.0,0.0,1819.0,0.0,53.93,43.16,39.55,1432.0,36639.31,-750.96,2110855.0,561.0,387.0,3169.0,428.86,2264.0,864.05,0.0,0.0,0.0,0.0
2025-03-21,2025-03-17,2025-03-21,0.65,2025,Hafta 12,43.13,47.11,50.07,45.33,40.8,1,3025.84,20.24,14851.44,1.09,37.18,40.53,5.04,33.94,71.31,103.6,0.007161,3617.16,0.028057,105655668675597.83,58,61,3.45,0,1,1,0,0,0,0,0,2,3,0,0,0,0,0,1,0,0,1,0,0,0,0,0,0,0,2.3278,-4.96,4.44,1.6294,3.4773,1,0,0,0,0,46.0,58.36,47.814913903832654,41.44,0.85,4.24,3.58,1.0665430095061441,5.0,42.5,10601.8,113623.48,70673.46,103937.26,259.72,3.94,0.94,25.38,4.79,168.5,158.6,170.5,176.3,167.9,157.4,169.9,176.4,182.1,184.9,186.6,174.9,134.5,118.9,115.7,168.8,3.06,1.04,0.912506,62.73,9.0,74.6,0.622,0.005822,0.08,1160.5,758.96,1177.38,109.93,38.11,-816685.94,2.46,55.2,80.96,25220.56,93.35,87.59,96.74,97.91,88.28,93.12,90.44,0.99,37641.09,34514.69,34514.69,3126.41,-1.19,2.37,38364.35,1.0,2105708.0,1.0,18219.22,14.0,0.0,0.0,0.0,0.0,0.0,0.0,0.0,0.0,0.0,0.0,0.0,0.0,2470.0,0.0,53.11,42.62,39.09,1824.0,38364.35,1725.04,2105708.0,-5147.0,646.0,2117.0,368.2,2188.0,836.26,0.0,0.0,0.0,0.0
2025-03-28,2025-03-24,2025-03-28,2.06,2025,Hafta 13,45.98,47.1,50.15,45.33,40.8,1,3040.88,18.66,12857.42,1.08,37.97,40.96,5.13,34.17,73.49,104.22,0.010625,3711.98,0.045517,160095557061114.22,74,75,3.45,0,1,1,1,1,1,0,0,2,3,0,0,0,0,1,1,0,0,1,0,0,0,0,0,1,1,4.0258,-4.85,2.62,2.115,-0.51,1,0,1,0,0,47.0,59.95,49.776853944703944,41.89,0.86,6.28,4.23,1.0221835580687255,5.0,42.5,10076.05,114027.6,70924.82,104306.93,280.17,3.94,0.94,25.38,3.97,168.5,158.6,170.5,176.3,167.9,157.4,169.9,176.4,182.1,184.9,186.6,174.9,134.5,118.9,115.7,168.8,3.06,1.03,0.926104,63.74,9.0,74.6,0.622,0.005822,0.14,1165.86,749.28,1162.47,109.93,39.43,-948359.03,2.46,57.98,80.96,25315.9,93.68,88.01,96.89,97.81,89.73,94.66,90.72,0.99,39250.45,35975.05,35975.05,3275.4,-1.25,2.28,39652.86,1.0,2107396.0,1.0,18816.04,15.0,0.0,0.0,0.0,0.0,0.0,0.0,0.0,0.0,0.0,0.0,0.0,0.0,2395.0,0.0,53.31,42.76,39.17,1838.0,39652.86,1288.51,2107396.0,1688.0,557.0,2054.0,362.4,2057.0,794.31,0.0,0.0,0.0,0.0
2025-04-04,2025-03-31,2025-04-04,1.3,2025,Hafta 14,45.99,49.11,54.01,48.83,43.95,0,3098.12,28.18,12539.4,1.09,37.96,41.25,4.85,32.81,71.98,103.47,0.001814,3780.73,0.045517,27325821700020.44,54,53,2.34,1,0,1,1,1,0,1,0,2,4,0,0,0,0,0,0,0,0,0,0,0,0,0,1,1,1,1.2249,-1.3,1.85,-0.0282,1.3897,0,0,0,0,0,47.0,59.95,49.075324968792366,42.58,0.85,5.63,4.33,1.0219612959338986,3.0,45.27,9587.36,114353.45,71127.5,104605.0,307.55,3.94,0.94,25.38,3.12,168.5,158.6,170.5,176.3,167.9,157.4,169.9,176.4,182.1,184.9,186.6,174.9,134.5,118.9,115.7,168.8,3.06,1.03,0.93304,72.45,9.0,74.6,0.622,0.006201,0.38,1159.07,742.17,1155.87,109.93,39.23,-370219.98,2.46,60.4,80.96,25512.0,93.95,88.36,96.99,98.66,90.5,95.84,90.94,0.99,40938.51,37511.11,37511.11,3427.4,-1.57,2.04,43146.02,1.0,2109331.0,1.0,20454.84,16.0,0.0,0.0,0.0,0.0,0.0,0.0,0.0,0.0,0.0,0.0,0.0,0.0,2452.0,0.0,55.28,44.03,40.28,1870.0,43146.02,3493.17,2109331.0,1935.0,582.0,1951.0,268.4,2151.0,923.61,0.0,0.0,0.0,0.0
2025-04-11,2025-04-07,2025-04-11,-0.18,2025,Hafta 15,46.0,49.24,53.81,49.33,44.4,1,3070.72,42.24,12124.48,1.1,38.0,41.84,4.26,30.38,64.12,101.95,0.001085,3751.83,0.012031,16361498564203.293,64,70,2.34,0,0,1,0,0,0,1,0,2,4,0,0,0,1,0,0,0,0,0,0,0,1,0,1,0,0,1.6539,-0.92,-0.76,0.1199,1.7469,0,0,1,0,0,47.0,59.95,49.075324968792366,42.58,0.85,3.4,3.58,1.0217391304347827,5.0,46.0,9462.47,115189.43,71647.48,105369.72,312.94,3.04,0.94,25.56,3.25,177.7,181.9,176.1,175.2,178.8,183.2,177.0,176.1,166.6,165.8,167.1,166.9,129.3,140.5,132.6,114.7,3.04,1.03,0.935551,67.85,8.5,74.3,0.622,0.006301,1.5,1162.78,747.13,1151.5,106.95,39.78,-80779.17,3.0,63.58,83.86,25803.81,94.63,88.84,97.81,99.06,91.51,95.9,92.77,0.99,43332.29,39460.4,39460.4,3871.89,-1.17,2.69,43250.55,1.0,2110260.0,1.0,20495.37,16.0,0.0,0.0,0.0,0.0,0.0,0.0,0.0,0.0,0.0,0.0,0.0,0.0,1556.0,0.0,54.61,43.6,39.99,1179.0,43250.55,104.53,2110260.0,929.0,377.0,2060.0,510.91,1903.0,841.33,0.0,0.0,0.0,0.0
2025-04-18,2025-04-14,2025-04-18,-0.74,2025,Hafta 16,46.6,49.8,54.41,49.67,44.71,1,3264.7,30.82,11877.52,1.13,38.08,43.12,4.66,32.42,65.84,99.66,0.001705,3997.56,0.010668,25765054581103.29,92,100,2.34,1,1,1,0,0,0,0,0,2,4,0,0,0,1,0,0,0,0,0,1,1,1,1,0,0,0,0.8475,-0.18,6.55,0.2158,0.3332,0,1,0,0,0,47.0,59.95,49.776853944703944,42.58,0.86,3.34,4.08,1.0085836909871244,5.0,46.0,9375.87,116168.44,72256.42,106265.27,353.68,2.67,0.97,25.56,3.8,177.7,181.9,176.1,175.2,178.8,183.2,177.0,176.1,166.6,165.8,167.1,166.9,129.3,140.5,132.6,114.7,3.04,1.02,0.93849,69.67,8.5,74.3,0.622,0.006301,1.5,1170.78,751.93,1157.57,106.95,40.47,219717.96,3.0,60.51,83.86,25723.22,95.44,92.31,97.82,99.22,91.8,96.09,93.67,1.0,42975.74,39426.52,39426.52,3549.21,-1.19,2.4,42860.94,1.0,2110949.0,1.0,20304.11,16.0,0.0,0.0,0.0,0.0,0.0,0.0,0.0,0.0,0.0,0.0,0.0,0.0,1596.0,0.0,54.91,43.79,40.16,1193.0,42860.94,-389.61,2110949.0,689.0,403.0,1811.0,346.68,1894.0,861.96,0.0,0.0,0.0,0.0
2025-04-25,2025-04-21,2025-04-25,-1.22,2025,Hafta 17,48.99,51.17,55.44,50.0,45.0,0,3339.54,28.83,11867.08,1.14,38.3,43.61,4.82,33.07,66.65,99.16,0.001705,4092.08,0.010474,25913907312401.68,84,84,2.34,0,1,1,1,0,0,0,1,2,4,0,0,0,0,0,0,0,0,0,1,0,0,1,0,0,1,0.9251,0.32,2.36,0.5771,0.5432,0,0,0,0,0,48.0,61.56,51.06903713806488,42.58,0.86,3.46,4.69,0.9797917942437232,4.0,46.39,9359.35,116663.97,72564.64,106718.55,331.74,2.67,0.97,25.56,4.57,177.7,181.9,176.1,175.2,178.8,183.2,177.0,176.1,166.6,165.8,167.1,166.9,129.3,140.5,132.6,114.7,3.04,1.03,0.941057,70.58,8.5,74.3,0.622,0.006355,1.55,1171.62,748.26,1152.08,106.95,40.61,242015.7,3.0,60.99,83.86,25897.63,95.84,92.81,98.43,99.58,92.63,96.98,93.43,1.0,41777.98,38316.7,38316.7,3461.28,-1.24,2.37,41315.54,1.0,2111412.0,1.0,19567.73,16.0,0.0,0.0,0.0,0.0,0.0,0.0,0.0,0.0,0.0,0.0,0.0,0.0,1400.0,0.0,55.07,43.9,40.25,1131.0,41315.54,-1545.4,2111412.0,463.0,269.0,1806.0,348.37,2200.0,982.51,0.0,0.0,0.0,0.0
2025-05-02,2025-04-28,2025-05-02,-1.14,2025,Hafta 18,48.99,52.18,56.55,50.0,45.0,0,3279.64,24.26,11492.85,1.14,38.48,43.72,4.69,32.59,63.33,99.59,0.001196,4057.91,0.010474,18263162644716.203,68,76,1.39,1,0,1,1,0,0,0,1,2,4,0,0,0,0,0,0,0,0,0,1,0,0,0,1,0,0,0.5491,-2.08,-0.84,0.472,0.2532,0,0,0,0,0,48.0,61.56,50.34645380641152,44.04,0.85,4.09,5.23,0.9797917942437232,4.0,48.23,9389.31,116600.19,72524.96,106660.21,327.57,2.67,0.97,25.56,3.19,177.7,181.9,176.1,175.2,178.8,183.2,177.0,176.1,166.6,165.8,167.1,166.9,129.3,140.5,132.6,114.7,3.04,1.02,0.949708,73.09,8.5,74.3,0.622,0.006607,1.75,1179.45,750.38,1145.99,106.95,40.83,168500.14,3.0,62.63,83.86,25772.19,95.79,93.21,98.0,98.86,93.07,96.65,93.74,1.0,39554.79,36217.61,36217.61,3337.17,-1.73,1.98,38981.97,1.0,2111871.0,1.0,18458.5,15.0,0.0,0.0,0.0,0.0,0.0,0.0,0.0,0.0,0.0,0.0,0.0,0.0,1133.0,0.0,56.67,44.93,41.15,877.0,38981.97,-2333.57,2111871.0,459.0,256.0,2129.0,496.44,1894.0,534.6,0.0,0.0,0.0,0.0
2025-05-09,2025-05-05,2025-05-09,0.22,2025,Hafta 19,48.99,53.94,57.82,51.0,45.9,1,3347.22,23.27,11561.92,1.13,38.64,43.67,4.64,32.58,62.05,99.93,0.000624,4157.91,0.012441,9568226583094.559,70,78,1.39,0,0,1,0,0,0,0,0,2,5,0,0,0,0,0,0,0,1,0,1,0,0,0,1,0,0,0.1051,0.04,2.46,0.3944,0.1202,0,0,0,0,0,50.0,64.82,52.921229107943816,45.46,0.85,4.5,4.28,1.0206164523372117,5.0,48.79,9194.45,143144.49,76682.77,120791.5,327.57,1.53,0.98,25.06,4.95,168.5,170.1,173.1,162.2,168.4,170.0,173.5,161.7,175.4,179.8,174.6,171.8,121.7,106.6,117.8,140.8,2.93,1.02,0.96983,74.03,7.6,75.0,0.5357,0.006684,2.69,1441.53,790.06,1273.54,110.92,40.93,393711.16,1.53,63.33,84.79,25675.62,96.09,93.8,97.8,99.3,94.85,97.06,93.76,1.0,37752.92,34488.42,34488.42,3264.49,-0.03,3.77,36842.25,1.0,2112279.0,1.0,17441.94,14.0,0.0,0.0,0.0,0.0,0.0,0.0,0.0,0.0,0.0,0.0,0.0,0.0,1235.0,0.0,55.77,44.35,40.58,1012.0,36842.25,-2139.72,2112279.0,408.0,223.0,1831.0,292.5,2530.0,884.08,0.0,0.0,0.0,0.0
2025-05-16,2025-05-12,2025-05-16,-0.49,2025,Hafta 20,48.99,54.52,58.12,51.67,46.51,1,3208.88,18.06,12347.12,1.12,38.78,43.34,4.61,32.42,65.52,101.16,0.000933,4000.68,0.019002,14358173346116.344,72,70,1.39,1,1,1,0,0,0,0,0,2,5,0,0,0,0,0,0,0,1,0,1,0,0,0,0,0,0,0.1489,5.15,-3.78,0.3667,-0.1691,0,0,1,0,0,51.0,66.47,53.44143699536757,45.76,0.84,4.03,4.53,1.0410287813839558,5.0,48.79,9198.24,144015.81,77149.54,121526.76,332.69,1.59,0.98,25.06,5.53,168.5,170.1,173.1,162.2,168.4,170.0,173.5,161.7,175.4,179.8,174.6,171.8,121.7,106.6,117.8,140.8,2.93,1.01,0.98031,74.59,7.6,75.0,0.5357,0.006684,2.69,1456.0,792.27,1267.68,110.92,40.98,611952.2,1.53,64.13,84.79,25708.49,96.68,94.94,97.79,98.91,95.87,97.38,95.51,1.0,36997.88,33861.64,33861.64,3136.24,-0.88,3.01,37273.76,1.0,2112897.0,1.0,17641.07,15.0,0.0,0.0,0.0,0.0,0.0,0.0,0.0,0.0,0.0,0.0,0.0,0.0,1629.0,0.0,59.14,46.49,42.55,1325.0,37273.76,431.51,2112897.0,618.0,304.0,2417.0,338.02,1869.0,532.95,0.0,0.0,0.0,0.0
2025-05-23,2025-05-19,2025-05-23,0.41,2025,Hafta 21,48.05,55.13,58.69,51.67,46.51,0,3294.88,19.93,12563.52,1.13,38.88,43.8,4.67,33.05,65.01,99.84,0.00121,4118.77,0.019002,18669013525423.99,70,59,1.39,0,1,1,0,0,0,0,1,2,5,0,0,0,0,0,0,0,1,0,1,0,0,0,0,0,0,0.0546,-2.44,2.95,0.2623,1.2159,0,0,0,0,1,51.0,66.47,53.44143699536757,46.26,0.84,4.06,3.65,1.061394380853278,4.0,48.43,9671.69,144304.51,77304.2,121770.38,299.89,1.59,0.99,25.06,6.14,168.5,170.1,173.1,162.2,168.4,170.0,173.5,161.7,175.4,179.8,174.6,171.8,121.7,106.6,117.8,140.8,2.93,1.01,0.996185,73.52,7.6,75.0,0.5357,0.006634,2.69,1458.66,789.79,1254.24,110.92,40.91,336306.48,1.53,58.86,84.79,25418.2,96.87,95.44,97.46,98.93,97.09,97.88,95.77,1.0,36000.44,32966.23,32966.23,3034.22,-0.56,3.31,36391.68,1.0,2113673.0,1.0,17217.27,16.0,0.0,0.0,0.0,0.0,0.0,0.0,0.0,0.0,0.0,0.0,0.0,0.0,1534.0,0.0,59.87,46.95,42.99,1227.0,36391.68,-882.08,2113673.0,776.0,307.0,1817.0,209.21,1808.0,610.79,0.0,0.0,0.0,0.0
2025-05-30,2025-05-26,2025-05-30,-0.38,2025,Hafta 22,48.99,55.32,58.93,51.33,46.2,1,3299.68,19.0,12283.48,1.13,39.07,44.31,4.66,33.08,64.26,99.39,0.002274,4146.83,0.008117,35256858719533.91,66,65,1.39,1,0,1,1,0,1,0,0,2,5,0,0,0,0,0,0,0,1,0,1,0,0,0,1,0,0,-0.0693,-2.66,0.68,0.4915,0.6194,0,0,0,0,0,51.0,66.47,52.66178509642923,45.97,0.83,3.44,3.82,1.0410287813839558,5.0,47.01,9436.05,144840.95,77591.57,122223.05,294.06,1.59,0.99,25.06,7.27,168.5,170.1,173.1,162.2,168.4,170.0,173.5,161.7,175.4,179.8,174.6,171.8,121.7,106.6,117.8,140.8,2.93,1.01,0.996217,71.23,7.6,75.0,0.5357,0.00644,2.62,1455.24,787.85,1255.26,110.92,41.41,30994.47,1.53,62.83,84.79,25570.75,97.23,95.85,97.74,99.53,97.37,98.49,96.74,1.0,36576.56,33412.95,33412.95,3163.61,-0.77,3.25,36797.43,1.0,2114356.0,1.0,17403.61,16.0,0.0,0.0,0.0,0.0,0.0,0.0,0.0,0.0,0.0,0.0,0.0,0.0,1461.0,0.0,59.89,46.96,43.02,1212.0,36797.43,405.75,2114356.0,683.0,249.0,1722.0,256.97,1762.0,600.01,0.0,0.0,0.0,0.0
2025-06-06,2025-06-02,2025-06-06,0.49,2025,Hafta 23,49.0,55.5,59.1,50.67,45.61,0,3353.54,17.78,12838.58,1.14,39.22,44.79,4.85,35.06,65.39,98.93,0.001976,4228.44,0.015436,30754188600717.75,57,56,1.3,0,0,0,0,1,1,0,0,3,6,0,0,0,0,0,0,0,1,0,1,0,0,0,1,0,0,0.1776,1.38,1.97,0.376,0.2299,0,0,0,0,0,51.0,66.47,52.66178509642923,45.78,0.83,4.36,3.86,1.0408163265306123,3.5,48.97,9185.31,145067.68,77713.03,122414.37,310.07,1.59,0.99,25.06,6.51,168.5,170.1,173.1,162.2,168.4,170.0,173.5,161.7,175.4,179.8,174.6,171.8,121.7,106.6,117.8,140.8,2.93,1.0,0.997246,73.39,7.6,75.0,0.5357,0.006708,2.69,1458.39,785.7,1254.94,110.92,41.67,315263.87,1.53,61.51,84.79,25654.7,97.38,96.19,97.82,99.47,97.55,98.91,97.21,1.0,36015.25,32905.86,32905.86,3109.39,-1.08,2.95,36105.35,1.0,2115277.0,1.0,17068.85,16.0,0.0,0.0,0.0,0.0,0.0,0.0,0.0,0.0,0.0,0.0,0.0,0.0,1626.0,0.0,60.43,47.3,42.58,1303.0,36105.35,-692.08,2115277.0,921.0,323.0,1700.0,248.18,1487.0,564.87,0.0,0.0,0.0,0.0
2025-06-13,2025-06-09,2025-06-13,0.22,2025,Hafta 24,48.41,55.47,59.41,50.67,45.61,0,3357.28,18.04,13524.42,1.15,39.25,45.07,4.84,36.38,69.45,98.54,0.002252,4236.96,0.015436,35076624292711.453,62,57,1.3,1,0,0,0,1,0,1,0,3,6,0,1,0,0,0,0,0,1,0,1,0,1,0,0,0,0,0.2127,2.5,0.2,0.0882,1.1592,0,0,0,0,1,51.0,66.47,53.44143699536757,45.78,0.84,3.59,3.38,1.0535013426977897,4.0,48.98,9311.85,145775.73,78092.33,123011.85,301.56,1.49,0.99,25.06,6.48,168.5,170.1,173.1,162.2,168.4,170.0,173.5,161.7,175.4,179.8,174.6,171.8,121.7,106.6,117.8,140.8,2.93,0.99,1.026403,72.05,7.6,75.0,0.5357,0.00671,2.78,1466.39,783.76,1231.1,110.92,41.76,522693.15,1.37,64.88,84.79,25517.76,97.86,97.25,97.35,99.41,99.92,99.64,98.21,0.99,36454.37,32758.53,32758.53,3695.83,-1.5,3.26,36786.42,1.0,2115942.0,1.0,17385.37,15.0,0.0,0.0,0.0,0.0,0.0,0.0,0.0,0.0,0.0,0.0,0.0,0.0,1596.0,0.0,60.53,47.36,42.39,1339.0,36786.42,681.07,2115942.0,665.0,257.0,1431.0,322.39,1752.0,674.02,0.0,0.0,0.0,0.0
2025-06-20,2025-06-16,2025-06-20,0.4,2025,Hafta 25,46.41,55.58,58.44,50.67,45.61,1,3385.22,20.37,13130.86,1.15,39.49,45.47,4.82,36.58,75.85,98.61,0.003169,4297.42,0.011088,6209430000000.0,65,66,1.3,0,1,0,0,0,0,1,0,3,6,0,1,0,0,0,0,0,1,0,0,1,1,1,0,0,0,0.4188,-3.21,1.43,0.6168,0.7134,0,0,0,0,0,51.0,66.47,53.44143699536757,45.53,0.84,3.69,3.29,1.098901098901099,5.0,47.16,9544.38,145756.51,78082.04,122995.64,293.02,1.49,1.0,25.06,7.17,168.5,170.1,173.1,162.2,168.4,170.0,173.5,161.7,175.4,179.8,174.6,171.8,121.7,106.6,117.8,140.8,2.93,1.0,1.024649,70.89,7.6,75.0,0.5357,0.00646,2.73,1468.51,790.77,1230.86,110.92,42.25,365689.67,1.37,63.95,84.79,25593.85,97.84,97.88,97.52,99.25,99.93,98.74,97.37,1.0,36848.78,33093.59,33093.59,3755.2,-1.55,3.23,36833.18,1.0,2116841.0,1.0,17400.07,15.0,0.0,0.0,0.0,0.0,0.0,0.0,0.0,0.0,0.0,0.0,0.0,0.0,1583.0,0.0,60.52,47.35,42.65,1298.0,36833.18,46.75,2116841.0,899.0,285.0,1684.0,311.43,1436.0,428.68,0.0,0.0,0.0,0.0
2025-06-27,2025-06-23,2025-06-27,0.56,2025,Hafta 26,46.96,55.63,58.48,50.67,45.61,1,3325.88,17.4,13640.12,1.16,39.73,46.14,4.95,36.11,68.36,97.7,0.001945,4247.81,0.017041,7273620000000.0,64,71,1.3,0,1,0,1,0,0,0,0,3,6,0,1,0,0,1,0,0,1,0,0,0,0,1,0,0,0,0.2309,1.13,-1.15,0.5844,1.4092,0,0,0,0,1,51.0,66.47,53.44143699536757,45.36,0.84,3.59,3.03,1.08603066439523,5.0,46.0,9238.22,146409.74,78431.97,123546.86,300.23,1.49,1.01,25.06,9.22,168.5,170.1,173.1,162.2,168.4,170.0,173.5,161.7,175.4,179.8,174.6,171.8,121.7,106.6,117.8,140.8,2.93,0.99,1.027716,70.95,7.6,75.0,0.5357,0.006301,2.56,1468.07,789.9,1231.76,110.92,42.55,311441.05,1.37,62.92,84.79,25693.43,98.28,98.81,97.6,99.73,100.3,99.29,98.67,1.0,37431.46,33722.31,33722.31,3709.16,-1.91,2.77,37572.68,1.0,2117967.0,1.0,17739.98,16.0,0.0,0.0,0.0,0.0,0.0,0.0,0.0,0.0,0.0,0.0,0.0,0.0,1759.0,0.0,60.78,47.52,42.8,1433.0,37572.68,739.51,2117967.0,1126.0,326.0,1389.0,261.96,1586.0,520.24,0.0,0.0,0.0,0.0
2025-07-04,2025-06-30,2025-07-04,0.11,2025,Hafta 27,46.37,55.62,57.73,50.67,45.61,1,3328.64,16.64,15634.06,1.18,39.86,46.91,5.07,36.38,68.18,96.92,0.001867,4265.33,0.02509,5999870000000.0,69,71,2.31,1,0,1,1,0,0,0,0,3,7,0,1,0,0,0,0,0,1,0,0,0,0,0,1,0,0,0.6084,8.58,0.41,0.3288,0.1233,0,0,0,0,0,50.0,64.82,52.15941092376883,45.14,0.84,4.18,4.07,1.0782833728703904,5.0,46.0,9342.93,146801.38,78641.77,123877.34,300.17,1.49,1.01,25.06,8.66,168.5,170.1,173.1,162.2,168.4,170.0,173.5,161.7,175.4,179.8,174.6,171.8,121.7,106.6,117.8,140.8,2.93,0.98,1.037078,69.12,7.6,75.0,0.5357,0.006301,2.61,1464.65,786.04,1231.68,110.92,43.15,353407.81,1.37,61.02,84.79,25492.17,98.54,99.59,96.98,100.23,100.58,100.05,99.86,1.0,38156.58,34396.93,34396.93,3759.65,-2.2,2.45,38633.25,1.0,2119362.0,1.0,18228.72,16.0,0.0,0.0,0.0,0.0,0.0,0.0,0.0,0.0,0.0,0.0,0.0,0.0,1849.0,0.0,60.94,47.62,42.93,1447.0,38633.25,1060.56,2119362.0,1395.0,402.0,1540.0,198.4,1385.0,360.87,0.0,0.0,0.0,0.0
2025-07-11,2025-07-07,2025-07-11,-0.38,2025,Hafta 28,45.99,55.66,58.07,49.67,44.71,1,3324.84,16.54,15993.38,1.17,40.04,47.01,5.44,37.03,69.78,97.59,0.001883,4279.91,0.013371,12122000000000.0,63,55,2.31,0,0,1,0,0,0,0,0,3,7,0,1,0,0,0,0,0,1,0,0,0,0,0,1,0,0,-0.0566,0.47,0.34,0.4554,0.4209,0,0,0,0,0,49.0,63.18,50.88806726911592,45.08,0.84,3.23,3.61,1.06544901065449,5.0,46.0,10144.4,133685.4,76847.53,134693.68,278.85,2.94,1.02,23.39,9.29,162.0,151.9,163.9,170.1,161.2,150.3,163.5,169.7,175.9,178.6,173.9,175.3,139.8,121.0,127.6,170.7,2.89,0.98,1.044581,69.43,8.3,74.2,0.5748,0.006301,1.55,1330.64,766.83,1321.04,109.55,43.2,183544.01,2.06,62.71,83.52,25636.06,99.35,101.68,97.61,100.47,101.96,100.22,99.62,1.0,38815.61,34964.26,34964.26,3851.35,-1.6,3.0,38878.98,1.0,2120348.0,1.0,18336.13,15.0,0.0,0.0,0.0,0.0,0.0,0.0,0.0,0.0,0.0,0.0,0.0,0.0,1617.0,0.0,59.35,46.63,42.0,1268.0,38878.98,245.73,2120348.0,986.0,349.0,1336.0,176.75,1453.0,390.01,0.0,0.0,0.0,0.0
2025-07-18,2025-07-14,2025-07-18,-0.65,2025,Hafta 29,45.6,55.02,57.43,49.67,44.71,0,3345.38,16.93,15766.92,1.16,40.25,46.84,5.52,38.09,69.05,98.46,0.000999,4329.2,0.0142,26295600000000.0,64,66,2.31,1,1,1,0,0,0,0,1,3,7,0,1,0,0,0,0,0,1,0,0,0,1,0,0,0,0,-0.1928,0.77,1.15,0.5312,0.3031,0,0,0,0,0,49.0,63.18,50.15134800609735,44.48,0.83,3.6,4.25,1.0745614035087718,4.0,46.0,10192.58,135054.66,77634.64,136073.27,282.26,2.64,1.03,23.39,9.03,162.0,151.9,163.9,170.1,161.2,150.3,163.5,169.7,175.9,178.6,173.9,175.3,139.8,121.0,127.6,170.7,2.89,0.98,1.040415,70.57,8.3,74.2,0.5748,0.006301,1.52,1344.18,775.52,1333.02,109.55,43.38,35741.15,2.06,61.3,83.52,25789.19,100.37,103.42,98.11,100.47,102.08,100.11,102.18,1.0,38859.27,35010.35,35010.35,3848.91,-1.17,3.38,38155.77,1.0,2121343.0,1.0,17986.61,15.0,0.0,0.0,0.0,0.0,0.0,0.0,0.0,0.0,0.0,0.0,0.0,0.0,1580.0,0.0,57.72,45.59,41.07,1238.0,38155.77,-723.21,2121343.0,995.0,342.0,1415.0,249.0,1639.0,420.79,0.0,0.0,0.0,0.0
2025-07-25,2025-07-21,2025-07-25,-0.3,2025,Hafta 30,45.08,54.51,56.59,49.33,44.4,1,3388.04,15.77,16022.14,1.17,40.44,47.4,5.73,38.98,68.79,97.5,0.000951,4405.43,0.012191,30422700000000.0,67,81,2.31,0,1,1,1,0,0,0,0,3,7,0,1,0,0,0,0,0,1,0,0,1,1,1,0,0,0,-0.4075,3.51,1.76,0.4807,0.9107,0,0,0,0,0,49.0,63.18,50.15134800609735,43.9,0.83,3.24,3.54,1.0869565217391304,5.0,46.0,10270.97,135246.68,77745.01,136266.73,286.1,2.64,1.03,23.39,8.91,162.0,151.9,163.9,170.1,161.2,150.3,163.5,169.7,175.9,178.6,173.9,175.3,139.8,121.0,127.6,170.7,2.89,0.98,1.046241,67.57,8.3,74.2,0.5748,0.006301,1.49,1354.29,774.9,1328.2,109.55,43.51,-311445.4,2.06,60.63,83.52,25789.72,100.51,103.78,98.06,99.87,102.59,100.33,102.22,1.0,37827.34,33954.33,33954.33,3873.01,-0.68,3.95,37709.31,1.0,2122146.0,1.0,17769.42,14.0,0.0,0.0,0.0,0.0,0.0,0.0,0.0,0.0,0.0,0.0,0.0,0.0,1512.0,0.0,57.5,45.45,40.91,1178.0,37709.31,-446.46,2122146.0,803.0,334.0,1605.0,219.9,1439.0,337.99,0.0,0.0,0.0,0.0
2025-08-01,2025-07-28,2025-08-01,1.04,2025,Hafta 31,42.66,52.59,55.23,47.67,42.91,1,3313.84,16.72,15923.9,1.16,40.58,46.91,5.1,37.4,71.6,99.25,0.000782,4324.01,0.008741,18390300000000.0,62,68,1.94,1,0,1,1,0,0,0,0,3,7,0,1,0,0,0,0,0,1,0,0,0,0,1,1,0,0,-0.5696,-0.03,-1.85,0.3481,-1.2081,0,0,0,0,0,49.0,63.18,50.15134800609735,43.08,0.83,4.41,3.37,1.1486169714017815,5.0,45.4,10631.18,135712.11,78012.56,136735.68,278.4,2.64,1.03,23.39,7.51,162.0,151.9,163.9,170.1,161.2,150.3,163.5,169.7,175.9,178.6,173.9,175.3,139.8,121.0,127.6,170.7,2.89,0.98,1.050061,65.17,8.3,74.2,0.5748,0.006219,1.45,1358.98,775.01,1321.44,109.55,43.91,-453271.52,2.06,58.71,83.52,25787.46,100.86,104.04,98.54,99.86,103.47,100.66,102.36,1.0,37185.28,33478.47,33478.47,3706.81,-1.55,2.95,37148.5,1.0,2123158.0,1.0,17496.81,14.0,0.0,0.0,0.0,0.0,0.0,0.0,0.0,0.0,0.0,0.0,0.0,0.0,1725.0,0.0,57.44,45.42,40.88,1286.0,37148.5,-560.81,2123158.0,1012.0,439.0,1398.0,178.15,1691.0,403.99,0.0,0.0,0.0,0.0
2025-08-08,2025-08-04,2025-08-08,2.43,2025,Hafta 32,42.76,52.0,52.79,47.33,42.6,1,3395.14,16.77,16273.5,1.16,40.67,47.28,4.4,37.84,67.26,98.46,0.00067,4439.1,0.005535,13838600000000.0,53,66,1.94,0,0,0,0,0,0,0,0,3,8,0,1,0,0,0,0,0,1,0,0,0,0,0,1,0,0,-0.7733,2.62,2.66,0.2035,1.1746,0,0,0,0,0,49.0,63.18,51.62839130162893,42.51,0.85,5.54,3.11,1.145930776426567,5.0,43.0,10627.7,135888.25,75508.34,145772.57,275.62,2.19,1.03,22.84,9.34,164.8,154.3,160.8,179.2,163.9,152.5,160.0,179.3,177.4,180.6,173.1,178.5,156.0,153.3,146.6,168.1,2.9,0.97,1.050844,63.74,8.5,73.5,0.5557,0.00589,1.61,1373.83,747.45,1406.08,110.09,43.38,-164436.88,2.04,57.6,84.25,25738.66,101.31,104.34,98.66,98.91,103.67,101.02,104.55,1.0,37948.35,34172.31,34172.31,3776.04,-2.45,2.06,39158.2,1.0,2124910.0,1.0,18428.17,14.0,0.0,0.0,0.0,0.0,0.0,0.0,0.0,0.0,0.0,0.0,0.0,0.0,2323.0,0.0,57.48,45.44,40.86,1793.0,39158.2,2009.71,2124910.0,1752.0,530.0,1658.0,215.65,1664.0,472.21,0.0,0.0,0.0,0.0
2025-08-15,2025-08-11,2025-08-15,2.21,2025,Hafta 33,42.66,51.5,52.34,46.67,42.01,1,3346.38,15.08,16012.86,1.17,40.77,47.54,4.47,37.99,66.21,98.11,0.001193,4386.15,0.005646,24423600000000.0,60,65,1.94,1,1,0,0,0,0,0,0,3,8,0,1,0,0,0,0,0,1,0,0,0,0,0,0,0,0,-0.7715,0.19,-1.19,0.2471,0.6139,0,0,0,0,0,49.0,63.18,52.372337693091175,42.01,0.86,5.04,2.83,1.1486169714017815,5.0,43.0,10906.63,136830.56,76031.95,146783.42,275.42,2.22,1.03,22.84,8.74,164.8,154.3,160.8,179.2,163.9,152.5,160.0,179.3,177.4,180.6,173.1,178.5,156.0,153.3,146.6,168.1,2.9,0.98,1.048293,65.96,8.5,73.5,0.5557,0.00589,1.62,1402.03,747.52,1401.64,110.09,43.89,-70743.19,2.04,58.04,84.25,26064.75,102.01,105.09,99.9,97.59,104.72,101.71,104.96,1.0,42088.83,37898.24,37898.24,4190.59,-3.43,1.11,44268.18,1.0,2127763.0,1.0,20805.03,15.0,0.0,0.0,0.0,0.0,0.0,0.0,0.0,0.0,0.0,0.0,0.0,0.0,2553.0,0.0,58.56,46.13,41.57,1936.0,44268.18,5109.98,2127763.0,2853.0,617.0,1616.0,250.13,1668.0,407.9,0.0,0.0,0.0,0.0
2025-08-22,2025-08-18,2025-08-22,2.04,2025,Hafta 34,42.72,51.31,51.92,46.33,41.7,1,3339.96,15.41,16106.54,1.17,40.91,47.73,4.43,37.99,66.93,98.2,0.000953,4393.48,0.00735,17869800000000.0,55,68,1.94,0,1,0,0,0,0,0,0,3,8,0,1,0,0,0,0,0,1,0,0,0,0,0,0,0,0,-0.7073,1.97,0.17,0.3589,-0.1065,0,0,0,0,0,49.0,63.18,52.372337693091175,41.67,0.86,4.82,2.78,1.1470037453183521,5.0,43.0,10927.58,137278.17,76280.67,147263.59,266.65,2.22,1.03,22.84,8.65,164.8,154.3,160.8,179.2,163.9,152.5,160.0,179.3,177.4,180.6,173.1,178.5,156.0,153.3,146.6,168.1,2.9,0.98,1.063417,64.73,8.5,73.5,0.5557,0.00589,1.61,1427.6,750.64,1379.96,110.09,44.16,-413113.5,2.04,56.55,84.25,26117.89,102.34,105.76,100.35,96.16,106.72,101.62,104.79,1.01,46902.86,42291.95,42291.95,4610.9,-4.33,0.2,49518.09,1.0,2128752.0,1.0,23261.56,16.0,0.0,0.0,0.0,0.0,0.0,0.0,0.0,0.0,0.0,0.0,0.0,0.0,2821.0,0.0,59.16,46.51,41.9,2134.0,49518.09,5249.9,2128752.0,989.0,687.0,1606.0,215.41,1557.0,308.94,0.0,0.0,0.0,0.0
2025-08-29,2025-08-25,2025-08-29,1.59,2025,Hafta 35,42.69,51.05,51.95,47.0,42.3,1,3414.5,14.81,16421.88,1.17,41.04,47.88,4.46,39.07,68.16,98.09,0.001294,4505.24,0.008395,19653100000000.0,49,55,1.94,1,1,0,1,0,0,0,1,3,8,0,1,0,0,0,0,0,1,0,0,0,0,0,0,0,0,-0.6127,2.35,2.54,0.3043,0.572,0,0,0,0,0,49.0,63.18,53.119924118535145,41.33,0.87,4.32,2.73,1.1478097915202625,5.0,43.0,11142.55,137700.97,76515.6,147717.14,265.06,2.22,1.04,22.84,8.33,164.8,154.3,160.8,179.2,163.9,152.5,160.0,179.3,177.4,180.6,173.1,178.5,156.0,153.3,146.6,168.1,2.9,0.98,1.076367,66.23,8.5,73.5,0.5557,0.00589,1.62,1444.62,749.98,1363.69,110.09,44.11,-375389.86,2.04,56.26,84.25,26202.96,102.66,106.32,100.64,95.32,108.32,102.02,104.63,1.01,52821.13,47664.6,47664.6,5156.53,-4.95,-0.42,54856.86,1.0,2131103.0,1.0,25741.06,16.0,0.0,0.0,0.0,0.0,0.0,0.0,0.0,0.0,0.0,0.0,0.0,0.0,3077.0,0.0,59.4,46.66,42.14,2258.0,54856.86,5338.77,2131103.0,2351.0,819.0,1514.0,153.79,1397.0,303.88,0.0,0.0,0.0,0.0
2025-09-05,2025-09-01,2025-09-05,1.46,2025,Hafta 36,42.81,51.1,52.05,46.67,42.01,1,3580.4,16.0,15280.26,1.17,41.17,48.09,4.52,41.15,67.31,98.16,0.000901,4740.22,0.014088,16149200000000.0,49,59,2.61,1,0,0,0,0,0,0,0,4,9,0,1,0,0,0,0,0,1,0,0,0,1,0,1,0,0,-0.2946,-4.51,5.22,0.3236,0.4306,0,0,0,0,0,49.0,63.18,53.119924118535145,41.12,0.87,4.54,3.08,1.1445923849567858,5.0,43.0,11404.69,138878.55,77169.95,148980.38,261.74,2.22,1.03,22.84,8.41,164.8,154.3,160.8,179.2,163.9,152.5,160.0,179.3,177.4,180.6,173.1,178.5,156.0,153.3,146.6,168.1,2.9,0.98,1.072487,65.83,8.5,73.5,0.5557,0.00589,1.62,1456.19,748.42,1375.58,110.09,44.36,-338735.75,2.04,53.85,84.25,26308.02,103.54,106.86,100.98,95.37,108.3,103.11,104.86,1.0,57763.29,52163.5,52163.5,5599.79,-5.59,-1.06,59469.57,1.0,2133628.0,1.0,27872.51,17.0,0.0,0.0,0.0,0.0,0.0,0.0,0.0,0.0,0.0,0.0,0.0,0.0,3017.0,0.0,60.11,47.1,42.51,2198.0,59469.57,4612.72,2133628.0,2525.0,819.0,1347.0,150.12,1635.0,416.46,0.0,0.0,0.0,0.0
2025-09-12,2025-09-08,2025-09-12,0.83,2025,Hafta 37,42.28,50.73,51.45,46.33,41.7,1,3642.26,14.99,15020.26,1.17,41.28,48.43,4.54,41.5,66.65,97.62,0.000886,4833.77,0.015179,17386700000000.0,49,52,2.61,0,0,0,0,0,0,0,0,4,9,0,1,0,0,0,0,0,1,0,0,1,1,1,0,0,0,-0.3141,-4.0,1.97,0.2599,0.4868,0,0,0,0,0,49.0,63.18,53.119924118535145,41.12,0.87,3.63,2.8,1.1589403973509933,5.0,43.0,10890.71,136437.74,78141.68,133422.38,267.37,3.13,1.03,22.25,7.92,177.1,166.0,178.4,186.8,177.2,165.1,179.0,187.5,177.5,179.6,174.4,178.5,158.7,155.5,147.6,173.0,3.19,0.98,1.050841,65.66,8.6,74.0,0.5727,0.00589,0.96,1406.64,750.66,1239.96,108.01,44.56,66812.3,3.23,57.26,83.87,26580.58,104.33,107.58,102.4,97.0,107.6,104.1,105.75,1.01,62166.24,56120.73,56120.73,6045.51,-5.71,-1.18,64003.93,1.0,2132681.0,1.0,30011.02,18.0,0.0,0.0,0.0,0.0,0.0,0.0,0.0,0.0,0.0,0.0,0.0,0.0,2863.0,0.0,60.03,47.05,42.46,2157.0,64003.93,4534.35,2132681.0,-947.0,706.0,1598.0,196.73,1868.0,468.27,0.0,0.0,0.0,0.0
2025-09-19,2025-09-15,2025-09-19,0.97,2025,Hafta 38,40.05,50.25,51.26,46.33,41.7,1,3673.62,15.78,16118.2,1.18,41.32,48.73,4.59,42.19,67.6,97.16,0.001219,4880.09,0.029194,20259800000000.0,44,55,2.61,1,1,0,0,0,0,0,0,4,9,0,1,0,0,0,0,0,1,0,0,0,0,1,0,0,0,0.6175,6.53,0.96,0.0964,0.2001,0,0,1,0,0,47.0,59.95,51.18980395341719,40.5,0.88,3.68,2.71,1.1735330836454432,5.0,42.63,10455.34,136983.34,78454.16,133955.92,266.81,2.99,1.03,22.25,7.97,177.1,166.0,178.4,186.8,177.2,165.1,179.0,187.5,177.5,179.6,174.4,178.5,158.7,155.5,147.6,173.0,3.19,0.98,1.048886,64.85,8.6,74.0,0.5727,0.00584,0.91,1403.28,749.01,1240.47,108.01,44.77,-12489.29,3.23,55.46,83.87,26833.9,104.75,108.21,102.96,97.62,107.99,104.74,106.14,1.01,65672.75,59332.88,59332.88,6339.87,-6.06,-1.52,66713.79,1.0,2134476.0,1.0,31255.35,18.0,0.0,0.0,0.0,0.0,0.0,0.0,0.0,0.0,0.0,0.0,0.0,0.0,2672.0,0.0,60.38,47.27,42.72,2005.0,66713.79,2709.86,2134476.0,1795.0,667.0,1816.0,198.24,2231.0,591.67,0.0,0.0,0.0,0.0
2025-09-26,2025-09-22,2025-09-26,-0.07,2025,Hafta 39,40.22,50.02,49.77,46.33,41.7,1,3753.12,16.19,16059.86,1.18,41.45,48.72,4.67,44.54,68.61,97.83,0.001044,5001.65,0.014305,23117700000000.0,43,53,2.61,0,1,0,1,0,0,0,0,4,9,0,0,0,0,0,0,0,1,0,0,0,0,0,0,0,0,-0.2333,1.8,2.49,0.3197,0.0507,0,0,0,0,0,47.0,59.95,51.18980395341719,40.09,0.88,2.69,2.76,1.1685728493286922,5.0,40.5,11138.33,137922.71,78992.17,134874.54,242.97,2.99,1.03,22.25,9.97,177.1,166.0,178.4,186.8,177.2,165.1,179.0,187.5,177.5,179.6,174.4,178.5,158.7,155.5,147.6,173.0,3.19,0.98,1.045575,59.99,8.6,74.0,0.5727,0.005548,0.73,1405.01,748.37,1241.92,108.01,44.86,32107.22,3.23,53.57,83.87,27138.28,105.46,108.89,103.87,98.17,108.6,105.55,106.2,1.01,69619.91,62899.92,62899.92,6719.99,-6.09,-1.61,70053.77,1.0,2136650.0,1.0,32786.73,18.0,0.0,0.0,0.0,0.0,0.0,0.0,0.0,0.0,0.0,0.0,0.0,0.0,2722.0,0.0,57.59,45.51,41.13,2009.0,70053.77,3339.98,2136650.0,2174.0,713.0,2137.0,347.3,2111.0,585.33,0.0,0.0,0.0,0.0
2025-10-03,2025-09-29,2025-10-03,-0.49,2025,Hafta 40,40.23,50.53,50.83,46.33,41.7,1,3849.94,16.39,15449.6,1.17,41.59,48.81,4.89,46.75,65.8,97.79,0.00087,5148.11,0.01251,22578600000000.0,42,49,3.09,1,0,0,1,0,0,0,0,4,10,0,0,0,0,0,0,0,1,0,0,0,0,0,1,0,0,-0.3608,-2.6,2.93,0.3399,0.5284,0,0,0,0,0,47.0,59.95,50.481675137099245,39.65,0.87,3.11,3.6,1.1682823763360677,5.0,40.5,11339.1,138081.09,79082.87,135029.41,259.04,2.99,1.04,22.25,10.31,177.1,166.0,178.4,186.8,177.2,165.1,179.0,187.5,177.5,179.6,174.4,178.5,158.7,155.5,147.6,173.0,3.19,0.98,1.052211,58.15,8.6,74.0,0.5727,0.005548,0.74,1398.7,746.06,1240.51,108.01,44.88,-211581.13,3.23,52.85,83.87,27169.88,105.58,109.56,103.45,98.72,108.85,106.0,106.34,1.01,69446.06,62756.63,62756.63,6689.43,-5.43,-1.05,69238.81,1.0,2136392.0,1.0,32409.22,18.0,0.0,0.0,0.0,0.0,0.0,0.0,0.0,0.0,0.0,0.0,0.0,0.0,2101.0,0.0,57.63,45.54,41.14,1592.0,69238.81,-814.96,2136392.0,-258.0,509.0,2082.0,366.21,2691.0,772.88,0.0,0.0,0.0,0.0
2025-10-10,2025-10-06,2025-10-10,0.07,2025,Hafta 41,40.29,50.17,50.79,45.67,41.11,1,3978.12,17.6,14341.34,1.17,41.73,48.68,5.0,47.54,65.02,98.81,0.000532,5337.57,0.011694,27503100000000.0,45,47,3.09,0,0,0,0,0,0,0,0,4,10,0,0,0,0,0,0,0,1,0,0,0,0,0,1,0,0,-0.3954,-2.66,3.68,0.3395,-0.4622,0,0,0,0,0,47.0,59.95,51.18980395341719,39.36,0.88,2.74,2.66,1.1665425663936462,5.0,40.5,11044.32,139699.19,80009.6,136611.75,255.02,1.81,1.03,23.26,9.94,180.8,179.6,177.2,185.5,181.3,179.7,177.7,186.6,175.6,179.3,172.4,175.0,160.2,168.6,166.5,145.6,3.32,0.99,1.034587,60.46,8.2,74.2,0.5727,0.005548,0.26,1329.87,748.68,1253.64,107.05,45.12,-261339.64,2.55,54.74,83.63,27575.75,106.82,109.9,105.33,105.05,108.97,106.87,107.0,1.01,67719.47,61174.03,61174.03,6545.45,-5.78,-1.4,67578.94,1.0,2137716.0,1.0,31612.68,18.0,0.0,0.0,0.0,0.0,0.0,0.0,0.0,0.0,0.0,0.0,0.0,0.0,2240.0,0.0,57.45,45.42,41.04,1766.0,67578.94,-1659.87,2137716.0,1324.0,474.0,2626.0,496.11,2493.0,760.41,0.0,0.0,0.0,0.0
2025-10-17,2025-10-13,2025-10-17,0.22,2025,Hafta 42,40.12,49.99,50.39,45.67,41.11,1,4178.86,21.31,13384.4,1.16,41.84,48.65,4.99,50.88,61.99,98.79,0.000879,5621.16,0.012089,32569700000000.0,41,52,3.09,1,1,0,0,0,0,0,0,4,10,0,0,0,0,0,0,0,1,0,0,0,1,0,0,0,0,-0.0036,-3.42,5.31,0.2538,0.9412,0,0,0,0,0,47.0,59.95,51.18980395341719,39.18,0.88,2.92,2.7,1.1714855433698903,5.0,40.5,10750.52,141181.55,80858.59,138061.35,258.8,3.53,1.02,23.26,9.7,180.8,179.6,177.2,185.5,181.3,179.7,177.7,186.6,175.6,179.3,172.4,175.0,160.2,168.6,166.5,145.6,3.32,0.99,1.018947,62.62,8.2,74.2,0.5727,0.005548,0.27,1285.55,746.69,1266.05,107.05,44.91,-331770.5,2.55,54.84,83.63,27900.7,107.96,110.6,107.02,109.82,109.05,108.29,108.13,1.01,67547.97,61042.41,61042.41,6505.55,-6.1,-1.73,67826.14,1.0,2138962.0,1.0,31709.84,18.0,0.0,0.0,0.0,0.0,0.0,0.0,0.0,0.0,0.0,0.0,0.0,0.0,2115.0,0.0,57.58,45.5,41.13,1643.0,67826.14,247.2,2138962.0,1246.0,472.0,2448.0,501.38,2741.0,893.22,0.0,0.0,0.0,0.0
2025-10-24,2025-10-20,2025-10-24,0.29,2025,Hafta 43,40.02,50.19,50.74,45.33,40.8,1,4142.48,17.67,14144.4,1.16,41.97,48.8,5.01,48.58,63.37,98.86,0.000482,5589.28,0.016993,24863400000000.0,42,47,3.09,0,1,0,0,0,0,0,0,4,10,0,0,0,0,0,0,0,1,0,0,1,1,1,0,0,0,-0.1028,2.19,-0.57,0.3074,-0.2585,0,0,0,0,0,47.0,59.95,51.18980395341719,39.06,0.88,2.76,2.47,1.1744127936031983,5.0,40.5,10383.32,141670.4,81138.57,138539.39,266.6,3.53,1.03,23.26,10.07,180.8,179.6,177.2,185.5,181.3,179.7,177.7,186.6,175.6,179.3,172.4,175.0,160.2,168.6,166.5,145.6,3.32,1.0,1.011704,62.74,8.2,74.2,0.5727,0.005548,0.25,1286.82,743.48,1270.09,107.05,45.34,-508564.89,2.55,52.55,83.63,28039.72,108.33,111.08,107.82,110.09,109.08,109.13,108.14,1.01,68291.18,61711.48,61711.48,6579.7,-6.35,-1.97,68580.76,1.0,2140104.0,1.0,32045.53,17.0,0.0,0.0,0.0,0.0,0.0,0.0,0.0,0.0,0.0,0.0,0.0,0.0,2073.0,0.0,57.65,45.55,41.15,1612.0,68580.76,754.62,2140104.0,1142.0,461.0,2680.0,578.09,2565.0,990.98,0.0,0.0,0.0,0.0
2025-10-31,2025-10-27,2025-10-31,0.62,2025,Hafta 44,39.22,49.81,50.58,45.33,40.8,0,3987.06,16.7,14560.42,1.16,41.96,48.8,5.13,47.57,65.0,99.2,0.001107,5379.34,0.014821,22109300000000.0,41,47,3.09,1,0,0,1,0,0,0,1,4,10,0,0,0,0,0,0,0,1,0,0,0,0,1,1,0,0,-0.1501,2.57,-3.76,-0.005,-0.0916,0,0,0,0,0,47.0,59.95,51.18980395341719,38.96,0.88,2.72,2.1,1.198368179500255,3.5,40.3,10610.6,142320.1,81510.67,139174.73,265.48,3.53,1.02,23.26,9.79,180.8,179.6,177.2,185.5,181.3,179.7,177.7,186.6,175.6,179.3,172.4,175.0,160.2,168.6,166.5,145.6,3.32,0.99,1.009151,61.95,8.2,74.2,0.5727,0.005521,0.25,1291.16,742.13,1274.12,107.05,45.22,-339104.18,2.55,52.87,83.63,28115.3,108.83,111.43,108.24,110.23,109.23,109.83,108.37,1.01,68945.1,62309.98,62309.98,6635.13,-6.51,-2.13,69572.58,1.0,2141558.0,1.0,32486.9,17.0,0.0,0.0,0.0,0.0,0.0,0.0,0.0,0.0,0.0,0.0,0.0,0.0,2357.0,0.0,57.7,45.58,41.2,1820.0,69572.58,991.82,2141558.0,1454.0,537.0,2508.0,612.33,2607.0,1043.09,0.0,0.0,0.0,0.0
2025-11-07,2025-11-03,2025-11-07,0.73,2025,Hafta 45,39.26,49.1,48.59,45.0,40.5,1,3981.52,18.55,15061.36,1.15,42.09,48.5,4.96,47.74,63.97,99.92,0.001311,5388.08,0.010853,27662600000000.0,43,50,1.14,0,0,1,0,0,0,0,0,4,11,0,0,0,0,0,0,0,0,0,0,0,0,0,1,0,0,-0.1819,0.97,0.16,0.3014,0.2467,0,0,0,0,0,46.0,58.36,49.866647481525696,38.85,0.88,3.41,2.68,1.1716760061130922,5.0,39.5,10883.33,142864.92,81822.7,139707.51,246.45,3.53,1.02,23.26,9.88,180.8,179.6,177.2,185.5,181.3,179.7,177.7,186.6,175.6,179.3,172.4,175.0,160.2,168.6,166.5,145.6,3.32,0.99,1.00808,61.52,8.2,74.2,0.5727,0.005411,0.18,1291.64,748.89,1278.9,107.05,45.18,-298566.44,2.55,53.62,83.63,28141.53,109.24,111.95,108.36,110.61,109.24,109.26,109.08,1.01,70706.64,63877.31,63877.31,6829.33,-6.64,-2.25,71807.74,1.0,2143591.0,1.0,33498.81,17.0,0.0,0.0,0.0,0.0,0.0,0.0,0.0,0.0,0.0,0.0,0.0,0.0,2427.0,0.0,57.85,45.67,41.24,1839.0,71807.74,2235.17,2143591.0,2033.0,588.0,2525.0,662.9,2470.0,896.92,0.0,0.0,0.0,0.0
2025-11-14,2025-11-10,2025-11-14,0.14,2025,Hafta 46,39.28,48.55,48.45,44.67,40.21,1,4139.5,18.44,14448.02,1.16,42.25,48.96,5.07,51.56,63.87,99.4,0.000655,5622.58,0.011432,23151600000000.0,39,42,1.14,1,0,1,0,0,0,0,0,4,11,0,0,0,1,0,0,0,0,0,0,0,0,0,0,0,0,-0.3156,-3.17,4.35,0.3701,0.6741,0,0,0,0,0,46.0,58.36,49.866647481525696,38.79,0.88,2.45,2.31,1.1710794297352343,5.0,39.5,10988.53,143265.36,82052.04,140099.1,244.23,1.3,1.03,23.26,9.29,180.8,179.6,177.2,185.5,181.3,179.7,177.7,186.6,175.6,179.3,172.4,175.0,160.2,168.6,166.5,145.6,3.32,1.0,0.994501,62.66,8.2,74.2,0.5727,0.005411,2.14,1314.5,755.95,1281.02,107.05,45.29,-263234.84,0.86,53.44,83.63,28549.16,109.55,112.52,109.97,108.99,109.37,108.54,109.67,1.02,73903.29,66776.59,66776.59,7126.7,-6.09,-1.77,74459.81,1.0,2145120.0,1.0,34711.26,17.0,0.0,0.0,0.0,0.0,0.0,0.0,0.0,0.0,0.0,0.0,0.0,0.0,2179.0,0.0,56.45,44.78,40.46,1669.0,74459.81,2652.07,2145120.0,1529.0,510.0,2391.0,512.53,2382.0,805.39,0.0,0.0,0.0,0.0
2025-11-21,2025-11-17,2025-11-21,0.46,2025,Hafta 47,39.32,48.62,48.26,44.67,40.21,1,4068.1,24.12,14799.26,1.16,42.35,49.04,4.99,50.4,63.71,99.94,0.000437,5538.78,0.009143,26792600000000.0,39,41,1.14,0,1,1,0,0,0,0,0,4,11,0,0,0,0,0,0,0,0,0,0,0,0,0,0,0,0,-0.0606,1.94,-1.49,0.2381,-0.1739,0,0,0,0,0,46.0,58.36,49.866647481525696,38.75,0.88,2.89,2.43,1.1698880976602237,5.0,39.5,10640.14,143115.22,81966.06,139952.29,243.1,1.3,1.03,23.26,9.34,180.8,179.6,177.2,185.5,181.3,179.7,177.7,186.6,175.6,179.3,172.4,175.0,160.2,168.6,166.5,145.6,3.32,1.0,1.006586,61.03,8.2,74.2,0.5727,0.005411,2.14,1321.88,753.32,1274.97,107.05,45.59,-348702.71,0.86,52.82,83.63,28214.37,109.43,112.93,109.05,108.27,109.77,108.81,110.47,1.01,74732.79,67550.8,67550.8,7181.99,-6.02,-1.72,74981.59,1.0,2146938.0,1.0,34924.9,17.0,0.0,0.0,0.0,0.0,0.0,0.0,0.0,0.0,0.0,0.0,0.0,0.0,2445.0,0.0,56.5,44.82,40.47,2002.0,74981.59,521.78,2146938.0,1818.0,443.0,2328.0,473.99,2345.0,812.41,0.0,0.0,0.0,0.0
2025-11-28,2025-11-24,2025-11-28,0.77,2025,Hafta 48,39.35,48.7,48.24,45.0,40.5,1,4153.65,18.16,15551.38,1.16,42.45,49.08,5.06,52.65,63.04,99.72,0.00116,5668.46,0.006379,17959500000000.0,38,47,1.14,1,1,1,1,0,0,0,0,4,11,0,0,0,0,0,0,1,0,0,0,0,0,0,0,0,0,-0.5012,0.5,2.34,0.2309,0.3702,0,0,0,0,0,46.0,58.36,49.866647481525696,38.67,0.88,2.98,2.21,1.1689961880559085,5.0,39.5,10846.65,143066.7,81938.27,139904.84,243.79,1.3,1.04,23.26,9.38,180.8,179.6,177.2,185.5,181.3,179.7,177.7,186.6,175.6,179.3,172.4,175.0,160.2,168.6,166.5,145.6,3.32,0.99,1.01335,62.92,8.2,74.2,0.5727,0.005411,2.14,1314.97,751.81,1272.66,107.05,45.51,-527571.83,0.86,53.18,83.63,27963.78,109.4,113.34,108.48,108.8,109.93,108.99,110.08,1.01,76017.5,68711.86,68711.86,7305.64,-6.01,-1.72,76714.02,1.0,2149993.0,1.0,35681.06,21.0,0.0,0.0,0.0,0.0,0.0,0.0,0.0,0.0,0.0,0.0,0.0,0.0,2969.0,0.0,56.5,44.81,40.51,2407.0,76714.02,1732.43,2149993.0,3055.0,562.0,2286.0,536.53,2185.0,827.66,0.0,0.0,0.0,0.0
2025-12-05,2025-12-01,2025-12-05,0.89,2025,Hafta 49,39.38,48.64,48.3,45.0,40.5,1,4209.98,16.22,16282.58,1.16,42.46,49.4,5.27,57.92,63.06,99.12,0.000884,5746.78,0.010834,19444500000000.0,37,44,1.03,1,0,0,0,0,0,0,0,1,12,0,0,0,0,0,0,1,0,1,0,0,1,0,1,0,0,-0.4653,1.28,1.38,0.0278,0.3988,0,0,0,0,0,46.0,58.36,49.866647481525696,38.53,0.88,3.27,2.37,1.1681056373793803,5.0,39.5,10900.81,143235.01,82034.67,140069.43,239.99,1.3,1.04,23.26,9.29,180.8,179.6,177.2,185.5,181.3,179.7,177.7,186.6,175.6,179.3,172.4,175.0,160.2,168.6,166.5,145.6,3.32,1.0,1.007551,62.63,8.2,74.2,0.5727,0.005411,2.14,1330.88,753.56,1272.24,107.05,45.68,-389145.4,0.86,51.99,83.63,28395.87,109.53,113.72,109.27,107.62,110.1,108.86,109.5,1.02,78327.49,70829.27,70829.27,7498.22,-6.22,-1.93,79735.29,1.0,2153283.0,1.0,37029.64,20.0,0.0,0.0,0.0,0.0,0.0,0.0,0.0,0.0,0.0,0.0,0.0,0.0,3196.0,0.0,56.75,44.98,40.67,2515.0,79735.29,3021.27,2153283.0,3290.0,681.0,2123.0,625.93,2370.0,842.95,0.0,0.0,0.0,0.0
2025-12-12,2025-12-08,2025-12-12,0.45,2025,Hafta 50,39.02,48.52,48.01,44.67,40.21,1,4235.18,15.99,16450.58,1.17,42.57,49.69,5.32,60.72,61.81,98.77,0.000668,5796.91,0.009604,17588400000000.0,47,50,1.03,0,0,0,0,0,0,0,0,1,12,0,0,0,0,0,0,0,0,1,0,1,1,1,0,0,0,-0.6045,1.75,0.87,0.2711,0.7684,0,0,0,0,0,46.0,58.36,49.179599957165095,38.52,0.87,2.68,2.23,1.178882624295233,5.0,39.5,11040.52,158398.14,94214.03,137923.96,229.8,1.19,1.04,23.35,9.14,177.2,177.9,175.7,177.9,177.4,177.9,176.0,178.2,177.7,180.9,175.7,176.6,144.5,145.7,141.4,146.5,3.53,1.0,0.999709,64.57,7.8,74.4,0.5948,0.005411,2.25,1450.24,854.86,1251.83,111.11,45.87,-419160.16,0.89,54.57,83.49,28853.9,110.1,114.08,110.21,109.22,110.18,110.21,109.02,1.02,81961.91,74123.14,74123.14,7838.77,-6.39,-2.1,83412.42,1.0,2155638.0,1.0,38695.0,20.0,0.0,0.0,0.0,0.0,0.0,0.0,0.0,0.0,0.0,0.0,0.0,0.0,2435.0,0.0,56.73,44.97,40.64,1887.0,83412.42,3677.13,2155638.0,2355.0,548.0,2321.0,649.59,2387.0,704.81,0.0,0.0,0.0,0.0
2025-12-19,2025-12-15,2025-12-19,0.49,2025,Hafta 51,37.73,48.03,47.57,44.33,39.9,1,4331.92,16.48,16653.78,1.17,42.72,50.2,5.36,64.66,59.89,98.34,0.000528,5949.78,0.008333,16390600000000.0,39,45,1.03,1,1,0,0,0,0,0,0,1,12,1,0,0,0,0,0,0,0,1,0,0,0,1,0,0,1,-0.6725,1.07,2.64,0.3458,0.194,0,0,0,0,0,45.0,56.79,49.22431150171198,38.28,0.89,2.87,2.38,1.192684866154254,5.0,39.2,11233.34,158963.52,94550.31,138416.26,224.45,1.18,1.04,23.35,9.01,177.2,177.9,175.7,177.9,177.4,177.9,176.0,178.2,177.7,180.9,175.7,176.6,144.5,145.7,141.4,146.5,3.53,1.0,0.999752,57.89,7.8,74.4,0.5948,0.00537,2.22,1452.91,855.76,1250.81,111.11,46.22,-600074.96,0.89,50.6,83.49,28982.04,110.5,114.58,110.69,109.41,110.66,110.49,109.18,1.02,84734.93,76660.45,76660.45,8074.48,-6.29,-2.03,85316.51,1.0,2158204.0,1.0,39531.25,20.0,0.0,0.0,0.0,0.0,0.0,0.0,0.0,0.0,0.0,0.0,0.0,0.0,2857.0,0.0,55.34,44.07,39.86,2267.0,85316.51,1904.09,2158204.0,2566.0,590.0,2348.0,548.6,2349.0,824.05,0.0,0.0,0.0,0.0
2025-12-26,2025-12-22,2025-12-26,-0.57,2025,Hafta 52,37.8,47.79,46.26,44.0,39.6,1,4484.27,13.79,16563.38,1.18,42.83,50.41,5.54,71.48,61.83,98.06,0.000431,6175.12,0.003902,11788200000000.0,37,44,1.03,0,1,0,1,0,0,0,0,1,12,1,0,0,0,0,0,0,0,1,0,0,0,0,0,0,0,-1.1528,-0.35,3.79,0.2612,0.5459,0,0,0,0,0,44.0,55.23,47.90353442960959,37.92,0.89,2.54,3.11,1.1640211640211642,5.0,38.0,11353.79,159366.05,94789.73,138766.76,211.28,1.18,1.04,23.35,10.06,177.2,177.9,175.7,177.9,177.4,177.9,176.0,178.2,177.7,180.9,175.7,176.6,144.5,145.7,141.4,146.5,3.53,1.0,0.998188,56.83,7.8,74.4,0.5948,0.005205,2.12,1455.89,855.28,1250.94,111.11,46.31,-580796.78,0.89,51.11,83.49,29019.67,110.78,114.93,111.13,109.46,110.93,110.83,108.55,1.02,86483.51,78204.15,78204.15,8279.37,-5.82,-1.6,87449.64,1.0,2160727.0,1.0,40472.32,19.0,0.0,0.0,0.0,0.0,0.0,0.0,0.0,0.0,0.0,0.0,0.0,0.0,2958.0,0.0,55.41,44.12,39.87,2412.0,87449.64,2133.13,2160727.0,2523.0,546.0,2285.0,580.64,2181.0,695.29,0.0,0.0,0.0,0.0
2026-01-02,2025-12-29,2026-01-02,0.07,2026,Hafta 1,37.85,47.71,46.05,44.0,39.6,0,4333.8,14.5,16609.95,1.18,42.95,50.56,5.62,71.98,61.36,98.24,0.000409,5983.93,0.008527,12170100000000.0,33,39,5.09,1,0,0,1,0,0,0,1,1,12,1,0,0,0,1,0,0,0,1,0,0,0,0,1,0,0,-0.8425,-0.28,-3.1,0.2687,0.0121,0,0,0,1,0,44.0,55.23,47.90353442960959,37.66,0.89,2.63,2.56,1.1624834874504624,4.0,38.0,11314.41,160841.35,95667.24,140051.37,205.78,1.18,1.03,23.35,9.91,177.2,177.9,175.7,177.9,177.4,177.9,176.0,178.2,177.7,180.9,175.7,176.6,144.5,145.7,141.4,146.5,3.53,1.01,0.994213,46.37,7.8,74.4,0.5948,0.005205,2.12,1470.65,857.51,1252.59,111.11,46.56,-789465.24,0.89,50.3,83.49,29481.89,111.8,115.41,112.46,109.37,111.81,111.56,108.53,1.02,85676.7,77453.37,77453.37,8223.34,-5.4,-1.25,84991.69,1.0,2162680.0,1.0,39299.24,20.0,0.0,0.0,0.0,0.0,0.0,0.0,0.0,0.0,0.0,0.0,0.0,0.0,2359.0,0.0,54.18,43.32,39.16,1930.0,84991.69,-2457.95,2162680.0,1953.0,429.0,2134.0,539.33,2465.0,704.18,0.0,0.0,0.0,0.0
2026-01-09,2026-01-05,2026-01-09,-1.98,2026,Hafta 2,37.85,47.53,46.71,43.33,39.0,1,4461.68,14.99,17286.5,1.17,43.05,50.35,5.87,77.49,61.55,98.72,0.000457,6175.57,0.011413,17592000000000.0,39,45,5.09,0,0,0,0,0,0,0,0,1,1,0,0,0,0,0,0,0,0,1,0,0,0,0,1,0,0,-0.6299,6.43,3.2,0.2443,-0.0834,0,0,0,1,0,42.5,52.92,45.94419619322871,37.39,0.89,2.26,4.23,1.1228533685601056,5.0,38.0,11282.74,144226.18,92161.48,139974.56,204.89,5.82,1.04,22.2,9.68,183.6,185.2,187.8,177.9,184.3,185.7,189.1,178.0,176.8,179.3,174.1,176.9,163.2,165.4,155.1,169.1,3.88,1.0,1.008779,54.48,8.6,74.1,0.639,0.005205,-1.94,1314.62,817.57,1215.89,107.96,46.57,-597407.62,4.84,53.44,83.72,29914.44,113.75,117.96,114.12,109.71,115.12,112.73,109.78,1.02,84099.9,75869.57,75869.57,8230.33,-5.74,-1.51,85295.57,1.0,2164448.0,1.0,39407.54,21.0,0.0,0.0,0.0,0.0,0.0,0.0,0.0,0.0,0.0,0.0,0.0,0.0,2041.0,0.0,54.23,43.35,39.18,1674.0,85295.57,303.89,2164448.0,1768.0,367.0,2412.0,575.05,2916.0,760.62,0.0,0.0,0.0,0.0
2026-01-16,2026-01-12,2026-01-16,-0.37,2026,Hafta 3,37.69,47.34,46.44,43.34,39.01,1,4604.9,15.91,17196.64,1.16,43.17,50.24,5.94,88.26,64.75,99.17,0.001043,6391.09,0.006209,18926700000000.0,35,42,5.09,1,1,0,0,0,0,0,0,1,1,0,0,0,0,0,0,0,0,1,0,0,1,0,0,0,0,-0.7118,3.48,3.49,0.2718,0.074,0,0,0,1,0,42.5,52.92,45.94419619322871,37.27,0.89,2.43,2.8,1.1276200583709208,5.0,38.0,12008.71,146003.19,93297.0,141699.18,210.83,5.82,1.04,22.2,9.49,183.6,185.2,187.8,177.9,184.3,185.7,189.1,178.0,176.8,179.3,174.1,176.9,163.2,165.4,155.1,169.1,3.88,1.02,0.987817,63.53,8.6,74.1,0.639,0.005205,-1.94,1312.58,807.86,1225.83,107.96,46.53,-542225.52,4.84,52.31,83.72,30454.15,115.15,119.8,117.02,111.23,115.59,115.49,111.21,1.03,79426.32,71714.31,71714.31,7712.02,-4.49,-0.43,77379.75,1.0,2164424.0,1.0,35750.73,19.0,0.0,0.0,0.0,0.0,0.0,0.0,0.0,0.0,0.0,0.0,0.0,0.0,1502.0,0.0,51.97,41.88,37.81,1127.0,77379.75,-7915.83,2164424.0,-24.0,375.0,2846.0,508.25,2623.0,594.75,0.0,0.0,0.0,0.0
2026-01-23,2026-01-19,2026-01-23,-0.37,2026,Hafta 4,37.46,47.21,46.68,43.36,39.02,1,4869.1,17.18,17855.04,1.17,43.29,50.63,5.79,95.83,65.03,98.34,0.000877,6778.51,0.007325,17439500000000.0,35,43,5.09,0,1,0,0,0,0,0,0,1,1,0,0,1,0,0,0,0,0,1,0,1,1,1,0,0,0,-0.5911,3.2,6.06,0.291,0.8497,0,0,0,1,0,42.5,52.92,45.94419619322871,37.11,0.89,2.42,2.79,1.1345435130806194,5.0,38.0,12427.11,147806.95,94449.62,143449.77,217.51,5.82,1.04,22.2,9.52,183.6,185.2,187.8,177.9,184.3,185.7,189.1,178.0,176.8,179.3,174.1,176.9,163.2,165.4,155.1,169.1,3.88,1.02,0.979502,64.04,8.6,74.1,0.639,0.005205,-1.95,1316.12,815.7,1234.2,107.96,46.56,-1208308.86,4.84,45.95,83.72,30878.0,116.57,120.92,118.66,112.3,116.23,115.79,114.52,1.03,75987.83,68606.54,68606.54,7381.29,-4.6,-0.54,74048.47,0.9747,2153301.0,0.9996,34388.35,20.0,134.0,293.1,119.0,281.4,0.0,1922.7,1922.7,0.0253,826.0,826.0,0.0004,2327727.82,1480.0,42.5,51.94,41.86,37.77,1117.0,75971.17,-1408.58,2154127.0,-10297.0,363.0,2568.0,401.83,2415.0,627.52,1922.7,0.0253,826.0,0.0004
2026-01-30,2026-01-26,2026-01-30,-1.34,2026,Hafta 5,36.73,46.02,45.66,42.88,38.59,1,5098.7,16.63,18836.66,1.19,43.41,51.85,5.96,105.21,68.59,96.6,0.000551,7115.81,0.011394,18551100000000.0,34,39,5.09,1,0,0,1,0,0,0,0,1,1,0,0,1,0,0,0,0,0,1,0,0,0,1,1,0,0,-0.4821,5.04,4.98,0.2659,1.1993,0,0,0,1,0,41.0,50.65,44.01074393464468,36.92,0.89,2.62,3.96,1.1162537435338962,5.0,37.86,12825.21,149195.59,95336.97,144797.48,215.11,5.82,1.04,22.2,8.56,183.6,185.2,187.8,177.9,184.3,185.7,189.1,178.0,176.8,179.3,174.1,176.9,163.2,165.4,155.1,169.1,3.88,1.02,0.974842,56.37,8.6,74.1,0.639,0.005186,-1.97,1320.37,817.27,1236.63,107.96,46.96,-1541078.86,4.84,50.71,83.72,30983.43,117.67,121.83,120.11,113.0,117.09,116.65,116.53,1.03,74808.38,67541.89,67541.89,7266.49,-4.71,-0.66,71168.57,0.9544,2153156.0,0.9993,33053.14,20.0,221.0,489.12,141.0,316.78,0.0,3398.31,1475.61,0.0456,1583.0,757.0,0.0007,2146754.73,1706.0,42.5,51.95,41.86,37.8,1316.0,74566.88,-1404.29,2154739.0,612.0,390.0,2367.0,460.39,2668.0,506.17,3398.31,0.0456,1583.0,0.0007
2026-02-06,2026-02-02,2026-02-06,0.46,2026,Hafta 6,36.93,45.69,44.99,43.11,38.8,1,4851.84,19.02,19369.72,1.18,43.52,51.41,5.87,79.45,67.74,97.62,0.000591,6788.05,0.017743,31367400000000.0,32,35,3.19,0,0,0,0,0,0,0,0,1,2,0,0,1,0,0,0,0,0,1,0,0,0,0,1,0,0,0.0697,1.69,-4.61,0.2449,-0.3604,0,1,0,0,0,41.0,50.65,44.60180461362939,36.8,0.9,3.74,3.29,1.1102085025724344,5.0,37.0,13472.23,151104.85,96556.99,146650.45,215.81,5.82,1.03,22.2,8.96,183.6,185.2,187.8,177.9,184.3,185.7,189.1,178.0,176.8,179.3,174.1,176.9,163.2,165.4,155.1,169.1,3.88,1.04,0.943769,60.34,8.6,74.1,0.639,0.005068,-2.03,1336.58,818.99,1248.04,107.96,47.52,-1252921.51,4.84,50.37,83.72,31786.06,119.17,122.72,124.51,113.05,117.5,117.9,117.18,1.04,71488.58,64462.42,64462.42,7026.16,-3.93,0.08,63411.18,0.9081,2152698.0,0.9986,29456.61,18.0,255.0,525.82,188.0,367.15,-1.5,6420.39,3022.08,0.0919,2959.0,1376.0,0.0014,2169783.26,1789.0,41.0,50.18,40.69,36.67,1410.0,69831.56,-4735.32,2155657.0,918.0,379.0,2609.0,321.1,2826.0,576.21,6420.39,0.0919,2959.0,0.0014
2026-02-13,2026-02-09,2026-02-13,-0.9,2026,Hafta 7,36.84,45.71,45.41,42.98,38.69,1,5014.4,18.84,19741.68,1.19,43.61,51.79,5.87,79.89,68.5,96.85,0.002232,7030.45,0.016328,17040200000000.0,34,35,3.19,1,0,0,0,0,0,0,0,1,2,0,0,0,0,0,0,0,0,1,0,0,0,0,0,0,0,0.3713,1.88,3.57,0.2151,0.5109,0,0,0,0,0,40.0,49.15,43.307513925556385,36.82,0.9,2.32,3.23,1.0857763300760042,5.0,37.0,13699.72,151243.94,96645.87,146785.44,217.31,3.64,1.04,22.2,8.78,183.6,185.2,187.8,177.9,184.3,185.7,189.1,178.0,176.8,179.3,174.1,176.9,163.2,165.4,155.1,169.1,3.88,1.06,0.933535,60.38,8.6,74.1,0.639,0.005068,-0.11,1436.54,819.27,1242.26,107.96,47.35,-774332.38,2.96,51.34,83.72,32284.17,119.28,123.53,126.57,105.28,118.16,117.97,115.91,1.05,70393.16,63479.16,63479.16,6914.01,-3.87,0.11,62494.51,0.8746,2212645.0,0.9982,28244.26,19.0,292.0,590.9,725.0,1573.57,0.0,8956.69,2536.3,0.1254,4063.0,1104.0,0.0018,2204452.63,1289.0,41.0,50.23,40.72,36.72,1052.0,71451.2,1619.64,2216708.0,61051.0,237.0,2820.0,422.1,2604.0,473.53,8956.69,0.1254,4063.0,0.0018
2026-02-20,2026-02-16,2026-02-20,-0.28,2026,Hafta 8,36.74,45.55,45.49,42.55,38.3,1,4976.15,19.81,20123.78,1.18,43.75,51.77,5.75,77.7,70.3,97.65,0.001114,7001.89,0.015032,14514200000000.0,31,36,3.19,0,1,0,0,0,0,0,0,1,2,0,0,0,0,0,1,0,0,1,0,0,0,0,0,0,0,0.1031,1.12,-0.41,0.3236,-0.1165,0,0,0,0,0,40.0,49.15,43.307513925556385,36.99,0.9,2.63,2.91,1.0887316276537833,5.0,37.0,13956.88,151754.79,96972.31,147281.23,214.1,3.64,1.04,22.2,8.71,183.6,185.2,187.8,177.9,184.3,185.7,189.1,178.0,176.8,179.3,174.1,176.9,163.2,165.4,155.1,169.1,3.88,1.06,0.93888,59.67,8.6,74.1,0.639,0.005068,-0.12,1446.92,808.45,1238.48,107.96,47.59,-905314.0,2.96,50.12,83.72,32421.62,119.69,124.35,126.66,104.88,118.92,119.95,116.68,1.05,69665.4,62841.97,62841.97,6823.43,-3.13,0.77,58366.3,0.8546,2212705.0,0.9979,26377.8,19.0,838.0,1803.02,459.0,831.15,-1.0,9929.67,972.98,0.1454,4626.0,563.0,0.0021,2146492.62,1379.0,40.0,48.84,39.79,35.9,1142.0,68295.97,-3155.23,2217331.0,623.0,237.0,2563.0,310.73,1982.0,353.11,9929.67,0.1454,4626.0,0.0021
2026-02-27,2026-02-23,2026-02-27,-0.21,2026,Hafta 9,36.83,45.45,45.31,40.71,36.64,1,5194.78,19.4,20433.42,1.18,43.87,51.81,5.93,88.92,71.27,97.74,0.000904,7326.34,0.014881,16011300000000.0,31,32,3.19,1,1,0,1,0,0,0,0,1,2,0,0,0,0,0,1,0,0,1,0,0,0,0,1,0,0,0.0123,-1.48,4.63,0.2651,0.4523,0,0,0,0,0,40.0,49.15,43.307513925556385,37.33,0.9,2.68,2.89,1.0860711376595167,5.0,37.0,14112.95,152552.95,97482.34,148055.87,218.54,3.64,1.04,22.2,8.71,183.6,185.2,187.8,177.9,184.3,185.7,189.1,178.0,176.8,179.3,174.1,176.9,163.2,165.4,155.1,169.1,3.88,1.04,0.948546,59.51,8.6,74.1,0.639,0.005068,-0.13,1450.36,810.6,1242.15,107.96,47.54,-1107276.66,2.96,50.34,83.72,32366.45,120.32,124.93,125.66,105.18,119.19,120.26,119.51,1.04,67730.38,61074.49,61074.49,6655.89,-2.82,1.08,56992.52,0.8462,2213266.0,0.9979,25750.41,19.0,421.0,867.71,393.0,767.68,0.0,10361.9,432.22,0.1538,4616.0,-10.0,0.0021,2244778.23,1313.0,40.0,48.89,39.83,35.93,1078.0,67354.41,-941.56,2217882.0,551.0,235.0,1948.0,280.67,1826.0,347.91,10361.9,0.1538,4616.0,0.0021
2026-03-06,2026-03-02,2026-03-06,-0.16,2026,Hafta 10,39.95,45.17,44.82,43.83,39.45,1,5146.68,23.88,17789.7,1.17,43.97,51.27,5.81,83.87,83.73,98.9,0.000949,7275.19,0.015809,20443700000000.0,34,42,2.48,0,0,1,0,0,0,0,0,2,3,0,0,0,0,0,1,0,0,1,0,0,1,0,1,0,0,0.4207,-6.36,-0.7,0.2302,-0.738,0,0,0,0,0,40.0,49.15,43.307513925556385,37.47,0.9,3.18,3.34,1.0012515644555693,5.0,37.0,13903.75,153060.25,97806.51,148548.22,226.37,3.64,1.04,22.2,8.34,183.6,185.2,187.8,177.9,184.3,185.7,189.1,178.0,176.8,179.3,174.1,176.9,163.2,165.4,155.1,169.1,3.88,1.05,0.936678,56.79,8.6,74.1,0.639,0.005068,-0.12,1443.16,809.83,1248.74,107.96,47.75,-895061.41,2.96,49.0,83.72,32407.4,120.72,125.24,127.0,106.06,118.96,120.77,118.28,1.04,66592.6,60062.08,60062.08,6530.53,-2.61,1.3,55767.21,0.8361,1893966.0,0.8536,29444.67,21.0,36018.0,863.19,18276.0,1959.48,0.0,10929.93,568.03,0.1639,324914.0,320298.0,0.1464,33639.45,1663.0,40.0,49.0,39.9,35.95,1380.0,66697.13,-657.28,2218880.0,998.0,283.0,1724.0,286.21,1877.0,246.46,10929.93,0.1639,324914.0,0.1464
2026-03-13,2026-03-09,2026-03-13,-0.45,2026,Hafta 11,39.99,45.31,45.0,42.0,38.48,1,5131.38,25.83,17224.4,1.16,44.11,51.05,5.82,84.75,96.47,99.47,0.00097,7276.61,0.020533,16154500000000.0,37,36,2.48,1,0,1,0,0,1,0,0,2,3,0,0,0,0,0,1,0,0,1,0,1,1,1,0,0,0,0.8422,0.56,0.02,0.3184,-0.3406,0,0,0,0,0,40.0,49.15,43.307513925556385,37.44,0.9,2.62,3.07,1.0002500625156288,5.0,39.26,13018.95,154024.77,98422.84,149484.3,242.36,2.83,1.04,22.2,5.36,183.6,185.2,187.8,177.9,184.3,185.7,189.1,178.0,176.8,179.3,174.1,176.9,163.2,165.4,155.1,169.1,3.88,1.06,0.932676,58.96,8.6,74.1,0.639,0.005378,0.85,1479.44,810.12,1247.25,107.96,47.4,-374869.09,1.94,53.13,83.72,32682.58,121.48,125.97,128.5,104.11,119.85,121.49,119.11,1.05,66045.89,59545.85,59545.85,6500.04,-2.35,1.56,54663.44,0.8264,1882997.0,0.8483,29030.02,21.0,22609.0,2053.81,36788.0,745.86,0.0,11482.1,552.17,0.1736,336751.0,11837.0,0.1517,34096.7,1331.0,40.0,48.91,39.84,35.92,1093.0,66145.54,-551.6,2219748.0,868.0,238.0,1860.0,203.92,1924.0,357.56,11482.1,0.1736,336751.0,0.1517
2026-03-20,2026-03-16,2026-03-20,0.38,2026,Hafta 12,39.99,45.38,45.45,42.25,38.37,0,4811.2,24.36,16894.4,1.15,44.24,50.91,5.57,75.46,106.37,99.65,0.000977,6842.6,0.015574,17420700000000.0,37,37,2.48,0,1,1,0,1,1,0,0,2,3,0,0,0,0,0,1,0,0,1,0,0,0,1,0,0,0,0.4513,-0.05,-5.96,0.2981,0.6126,0,1,1,0,0,40.0,49.15,43.307513925556385,37.97,0.9,2.72,2.35,1.0002500625156288,3.5,40.0,13091.43,155676.25,99478.15,151087.1,259.28,2.83,1.03,22.2,5.39,183.6,185.2,187.8,177.9,184.3,185.7,189.1,178.0,176.8,179.3,174.1,176.9,163.2,165.4,155.1,169.1,3.88,1.06,0.919185,58.66,8.6,74.1,0.639,0.005479,0.85,1528.03,819.4,1262.41,107.96,47.24,-41164.96,1.94,51.49,83.72,33208.37,122.78,126.92,130.2,101.88,119.68,121.4,124.52,1.05,65043.22,58647.4,58647.4,6395.82,-2.4,1.51,53266.0,0.8236,1880021.0,0.8466,28332.66,22.0,36913.0,736.26,55410.0,1028.49,0.0,11411.41,-70.69,0.1764,340702.0,3951.0,0.1534,33493.81,1743.0,40.0,48.89,39.82,35.9,1535.0,64677.41,-1468.13,2220723.0,975.0,208.0,1915.0,244.17,1460.0,254.64,11411.41,0.1764,340702.0,0.1534
2026-03-27,2026-03-23,2026-03-27,-1.13,2026,Hafta 13,40.0,45.35,45.82,42.25,38.34,1,4444.14,27.38,16009.16,1.16,44.36,51.39,5.46,69.58,105.45,99.61,0.000978,6337.75,0.015574,15678300000000.0,38,40,2.48,0,1,1,1,0,0,1,0,2,3,0,0,0,0,1,0,0,0,1,0,0,0,0,0,0,0,0.8311,-1.43,-7.38,0.2661,0.265,0,1,0,0,0,40.0,49.15,43.307513925556385,38.52,0.9,2.31,3.44,1.0,5.0,40.0,13084.29,156924.79,100275.97,152298.83,283.35,2.83,1.03,22.2,5.36,183.6,185.2,187.8,177.9,184.3,185.7,189.1,178.0,176.8,179.3,174.1,176.9,163.2,165.4,155.1,169.1,3.88,1.06,0.937656,57.91,8.6,74.1,0.639,0.005479,0.85,1533.98,825.4,1242.27,107.96,47.53,-145429.84,1.94,51.08,83.72,33435.69,123.76,127.29,130.75,102.3,122.6,121.49,126.51,1.04,65913.9,59385.15,59385.15,6528.75,-1.73,2.2,54354.27,0.8242,1862142.0,0.8381,29189.11,22.0,56575.0,1059.1,103966.0,1099.66,0.0,11596.08,184.67,0.1758,359794.0,19092.0,0.1619,32229.79,1490.0,40.0,48.84,39.79,35.81,1228.0,65950.35,1272.94,2221936.0,1213.0,262.0,1455.0,219.71,1514.0,253.88,11596.08,0.1758,359794.0,0.1619
2026-04-03,2026-03-30,2026-04-03,-0.22,2026,Hafta 14,40.0,45.93,46.3,43.25,39.48,1,4652.08,26.07,15726.36,1.15,44.48,51.36,5.56,73.4,110.33,100.04,0.000988,6650.55,0.010515,14773200000000.0,46,51,3.33,1,0,1,1,0,0,0,0,2,4,0,0,0,0,0,0,0,0,0,0,0,0,0,1,0,0,0.2998,-0.22,4.94,0.2863,0.434,0,0,0,0,0,40.0,49.15,44.45742078128752,39.27,0.92,3.58,3.8,1.0,5.0,40.0,12897.49,158414.74,101228.06,153744.86,283.35,2.83,1.03,22.2,5.93,183.6,185.2,187.8,177.9,184.3,185.7,189.1,178.0,176.8,179.3,174.1,176.9,163.2,165.4,155.1,169.1,3.88,1.08,0.909156,58.99,8.6,74.1,0.639,0.005479,0.85,1538.87,831.67,1252.7,107.96,47.65,497864.01,1.94,52.93,83.72,34560.48,124.94,129.25,134.99,102.94,122.73,121.72,124.76,1.06,63161.18,56961.45,56961.45,6199.73,-1.29,2.61,50752.61,0.8143,1732555.0,0.7795,29293.5,21.0,127163.0,1037.77,104410.0,926.06,0.0,11576.14,-19.94,0.1857,490077.0,130283.0,0.2205,23621.07,1486.0,40.0,48.89,39.83,35.91,1223.0,62328.75,-3621.6,2222632.0,696.0,263.0,1506.0,202.64,1393.0,187.77,11576.14,0.1857,490077.0,0.2205
2026-04-10,2026-04-06,2026-04-10,-0.22,2026,Hafta 15,39.99,47.14,48.53,42.25,38.03,1,4723.5,21.94,16909.4,1.16,44.58,51.75,5.7,74.46,100.98,99.24,0.001124,6769.44,0.018798,14786000000000.0,40,42,3.33,0,0,1,0,0,0,0,0,2,4,0,0,0,1,0,0,0,0,0,0,0,0,0,1,0,0,0.4822,4.65,1.79,0.2086,0.9119,0,0,0,0,0,40.0,49.15,44.45742078128752,39.75,0.92,2.87,3.09,1.0002500625156288,5.0,40.0,12868.65,159685.59,102040.14,154978.24,283.35,3.8,1.04,23.39,7.14,167.3,165.4,176.6,159.8,166.8,164.5,176.9,159.0,176.0,180.5,173.8,173.6,153.2,154.6,165.5,139.6,3.45,1.07,0.92264,60.66,8.0,73.8,0.639,0.005479,0.01,1506.7,833.78,1242.61,114.09,47.86,622229.77,4.18,54.52,85.5,34764.77,125.94,130.55,135.18,105.98,124.72,122.38,125.05,1.05,61522.52,55421.7,55421.7,6100.82,-1.09,2.9,45177.77,0.7326,1710034.0,0.7691,26419.22,21.0,85411.0,5595.87,54742.0,1239.38,0.0,16493.68,4917.54,0.2674,513293.0,23216.0,0.2309,32133.07,1335.0,40.0,50.15,40.67,36.63,1115.0,61671.45,-657.3,2223327.0,695.0,220.0,1115.0,149.15,1367.0,160.61,16493.68,0.2674,513293.0,0.2309
2026-04-17,2026-04-13,2026-04-17,0.17,2026,Hafta 16,39.92,47.23,48.79,44.25,40.53,1,4802.08,18.21,17842.78,1.18,44.74,52.64,6.06,78.95,95.77,98.17,0.001725,6907.8,0.015903,16449100000000.0,36,43,3.33,1,1,1,0,0,0,0,0,2,4,0,0,0,1,0,0,0,0,0,1,0,1,0,0,0,0,0.1767,5.89,2.04,0.3726,0.8317,0,0,0,0,0,40.0,49.15,45.03582017010606,39.99,0.93,3.0,2.83,1.002004008016032,5.0,40.0,13466.7,161373.33,103118.62,156616.24,283.35,3.8,1.06,23.39,7.24,167.3,165.4,176.6,159.8,166.8,164.5,176.9,159.0,176.0,180.5,173.8,173.6,153.2,154.6,165.5,139.6,3.45,1.07,0.924844,63.29,8.0,73.8,0.639,0.005479,0.01,1500.43,843.44,1246.94,114.09,48.3,153646.09,4.18,53.94,85.5,35219.7,127.27,135.34,135.81,107.55,125.6,122.26,127.25,1.07,60929.7,54908.88,54908.88,6020.82,-1.23,2.8,40915.25,0.6708,1718973.0,0.7731,23802.15,23.0,51158.0,1561.95,45762.0,2720.95,0.0,20081.85,3588.17,0.3292,504467.0,-8826.0,0.2269,39808.05,1622.0,40.0,50.71,41.04,36.99,1275.0,60997.1,-674.35,2223440.0,113.0,347.0,1341.0,108.09,1628.0,140.41,20081.85,0.3292,504467.0,0.2269
2026-04-24,2026-04-20,2026-04-24,-0.09,2026,Hafta 17,39.94,47.43,48.83,44.06,39.45,0,4732.98,19.06,17943.88,1.17,44.91,52.69,6.05,77.22,101.25,98.47,0.000988,6834.02,0.014258,17053700000000.0,37,37,3.33,0,1,1,1,0,0,0,1,2,4,0,0,0,0,0,0,0,0,0,1,1,1,1,0,0,0,-0.0284,0.99,-1.07,0.3775,-0.0892,0,0,0,0,0,40.0,49.15,45.03582017010606,40.16,0.93,2.32,2.41,1.0015022533800702,4.0,40.0,14260.42,160838.14,102776.63,156096.82,283.35,3.8,1.07,23.39,7.51,167.3,165.4,176.6,159.8,166.8,164.5,176.9,159.0,176.0,180.5,173.8,173.6,153.2,154.6,165.5,139.6,3.45,1.05,0.94765,63.07,8.0,73.8,0.639,0.005479,-0.0,1489.12,841.02,1230.86,114.09,48.7,-611918.33,4.18,52.82,85.5,34885.37,126.85,135.33,133.83,108.01,126.82,122.2,126.64,1.06,61114.58,55072.31,55072.31,6042.28,-1.2,2.86,38903.25,0.6323,1718004.0,0.7722,22644.45,24.0,41053.0,3125.93,55168.0,1586.54,0.0,22624.34,2542.49,0.3677,506692.0,2225.0,0.2278,44651.06,2038.0,40.0,51.03,41.25,37.17,1625.0,61527.59,530.49,2224696.0,1256.0,413.0,1616.0,96.5,831.0,60.67,22624.34,0.3677,506692.0,0.2278
2026-05-01,2026-04-27,2026-05-01,-0.41,2026,Hafta 18,39.98,47.37,48.51,43.97,39.58,0,4611.34,17.71,17107.1,1.17,45.08,52.82,5.93,73.85,111.94,98.46,0.000634,6683.77,0.014258,16041900000000.0,38,36,1.55,1,0,1,1,0,0,0,1,2,4,0,0,0,0,0,0,0,0,0,1,0,0,1,1,0,0,-0.4106,0.13,-2.2,0.381,0.2415,0,0,0,0,0,40.0,49.15,43.307513925556385,40.12,0.9,2.56,2.97,1.0005002501250626,4.0,40.0,14401.22,160867.3,102795.27,156125.12,283.35,3.8,1.07,23.39,7.43,167.3,165.4,176.6,159.8,166.8,164.5,176.9,159.0,176.0,180.5,173.8,173.6,153.2,154.6,165.5,139.6,3.45,1.05,0.95875,62.24,8.0,73.8,0.639,0.005479,0.0,1481.32,840.51,1221.37,114.09,48.65,-629854.52,4.18,53.65,85.5,34847.16,126.87,135.62,133.33,108.6,127.83,122.3,126.29,1.06,61225.16,55147.75,55147.75,6077.41,-1.16,2.92,38074.06,0.6218,1817711.0,0.8166,20946.16,24.0,30831.0,1746.4,110812.0,2820.19,0.0,23160.14,535.8,0.3782,408357.0,-98335.0,0.1834,56715.42,1812.0,40.0,51.13,41.32,37.25,1421.0,61234.2,-293.39,2226068.0,1372.0,391.0,833.0,51.88,322.0,44.32,23160.14,0.3782,408357.0,0.1834
2026-05-08,2026-05-04,2026-05-08,-0.93,2026,Hafta 19,39.99,47.36,48.77,43.88,38.94,1,4635.48,17.47,17064.58,1.17,45.22,53.04,6.05,76.62,105.39,98.21,0.000838,6738.79,0.014258,15469500000000.0,36,37,1.55,0,0,1,0,0,0,0,0,2,5,0,0,0,0,0,0,0,1,0,1,0,0,0,1,0,0,-0.3648,2.48,0.82,0.2975,0.8046,0,0,0,0,0,40.0,49.15,43.88132174098567,39.98,0.91,3.4,4.33,1.0002500625156288,5.0,40.0,14419.28,162025.05,103535.08,157248.74,283.35,1.77,1.06,23.82,7.38,154.1,146.8,151.0,164.5,151.8,143.5,148.4,163.6,181.4,187.3,182.4,174.4,150.9,143.6,146.4,162.8,3.34,1.05,0.958461,61.69,8.0,74.2,0.639,0.005479,1.78,1474.67,847.23,1220.79,114.09,48.77,-348822.68,1.71,53.33,85.76,34963.47,127.79,136.04,134.39,109.87,128.81,122.2,128.0,1.06,60427.89,54280.37,54280.37,6147.51,-0.98,3.18,38161.12,0.6334,1930037.0,0.8664,19772.22,26.0,70401.0,6109.53,61775.0,3716.42,0.0,22087.08,-1073.06,0.3666,297640.0,-110717.0,0.1336,74207.37,1956.0,40.0,50.06,40.61,36.04,1563.0,60248.21,-985.99,2227677.0,1609.0,393.0,330.0,28.23,457.0,37.44,22087.08,0.3666,297640.0,0.1336
2026-05-15,2026-05-11,2026-05-15,1.54,2026,Hafta 20,39.99,47.45,48.45,43.88,39.05,1,4665.58,17.99,17098.18,1.17,45.42,53.33,6.47,84.32,106.52,98.57,0.001188,6813.28,0.013538,14519000000000.0,38,38,1.55,1,1,1,0,0,0,0,0,2,5,0,0,0,0,0,0,0,1,0,1,0,0,0,0,0,0,-0.1036,-0.49,1.11,0.4554,-0.1296,0,0,0,0,0,40.0,49.15,45.03582017010606,39.96,0.93,4.72,3.19,1.0002500625156288,5.0,40.0,14777.14,162730.78,103986.04,157933.67,283.35,1.77,1.07,23.82,7.46,154.1,146.8,151.0,164.5,151.8,143.5,148.4,163.6,181.4,187.3,182.4,174.4,150.9,143.6,146.4,162.8,3.34,1.04,0.967672,61.55,8.0,74.2,0.639,0.005479,1.78,1417.3,850.51,1217.03,114.09,49.16,-58669.34,1.71,55.39,85.76,34951.0,128.34,137.16,134.11,114.82,129.77,122.26,126.98,1.06,57786.36,52000.69,52000.69,5785.67,-0.45,3.58,37713.08,0.6578,2169645.0,0.9733,17382.14,26.0,8635.0,3294.52,6239.0,3291.93,0.0,19616.66,-2470.42,0.3422,59493.0,-238147.0,0.0267,329730.61,2077.0,40.0,49.86,40.47,36.43,1670.0,57329.75,-2918.46,2229138.0,1461.0,407.0,455.0,34.34,535.0,47.27,19616.66,0.3422,59493.0,0.0267
2026-05-22,2026-05-18,2026-05-22,1.0,2026,Hafta 21,39.99,47.5,48.69,43.88,38.84,0,4530.18,17.36,15805.3,1.16,45.59,53.03,6.27,76.01,106.9,99.18,0.001379,6640.23,0.01113,11939400000000.0,36,42,1.55,0,1,1,0,0,1,0,1,2,5,0,0,0,0,0,0,0,1,0,1,0,0,0,0,0,0,-0.2419,-6.47,-2.54,0.3716,0.2181,0,0,0,0,0,40.0,49.15,45.03582017010606,39.96,0.93,3.84,2.84,1.0002500625156288,4.0,40.0,14704.85,163294.51,104346.27,158480.77,283.35,1.77,1.07,23.82,7.51,154.1,146.8,151.0,164.5,151.8,143.5,148.4,163.6,181.4,187.3,182.4,174.4,150.9,143.6,146.4,162.8,3.34,1.04,0.979318,61.65,8.0,74.2,0.639,0.005479,1.78,1411.7,851.11,1212.88,114.09,49.1,-59897.82,1.71,50.81,85.76,34803.83,128.79,138.08,133.42,115.67,130.66,122.6,128.7,1.05,59452.67,53509.59,53509.59,5943.08,-0.93,3.14,37180.26,0.5997,1241101.0,0.5564,29957.48,26.0,242587.0,4483.45,149423.0,2150.16,0.0,24819.79,5203.13,0.4003,989625.0,930132.0,0.4436,25080.0,2077.0,40.0,50.95,41.2,37.04,1691.0,62000.06,4670.31,2230726.0,1588.0,386.0,467.0,30.71,279.0,22.93,24819.79,0.4003,989625.0,0.4436
2026-05-29,2026-05-25,2026-05-29,0.28,2026,Hafta 22,40.0,47.7,48.6,43.88,38.84,0,4501.92,16.19,15611.45,1.16,45.86,53.37,6.36,75.54,94.91,99.08,0.00159,6642.7,0.01113,12613500000000.0,30,34,1.55,1,1,1,1,1,1,1,0,2,5,0,0,0,0,0,0,0,1,0,1,0,0,0,0,0,0,-0.2404,0.17,0.04,0.5916,0.346,0,0,0,0,0,40.0,49.15,45.03582017010606,39.99,0.93,1.47,1.2,1.0,1.5,40.0,13753.41,164435.65,105075.46,159588.28,248.3,1.77,1.07,23.82,7.71,154.1,146.8,151.0,164.5,151.8,143.5,148.4,163.6,181.4,187.3,182.4,174.4,150.9,143.6,146.4,162.8,3.34,1.03,1.016336,61.83,8.0,74.2,0.639,0.005479,1.78,1414.51,856.83,1181.0,114.09,49.21,-151990.89,1.71,54.09,85.76,34551.27,129.69,138.97,132.96,116.25,135.13,122.63,130.91,1.05,63564.73,57143.18,57143.18,6421.54,-1.45,2.72,38582.97,0.5918,1247362.0,0.5587,30931.65,26.0,149345.0,2687.38,78776.0,1575.83,0.0,26616.77,1796.98,0.4082,985217.0,-4408.0,0.4413,27016.15,2303.0,40.0,51.44,41.52,37.33,1862.0,65199.74,3199.68,2232579.0,1853.0,441.0,288.0,18.66,24.0,11.87,26616.77,0.4082,985217.0,0.4413
2026-06-05,2026-06-01,2026-06-05,0.35,2026,Hafta 23,39.99,47.71,48.36,43.88,39.04,1,4442.78,16.96,15927.02,1.16,45.96,53.47,6.49,73.3,95.38,99.49,0.000645,6564.95,0.01113,29385400000000.0,44,43,0.86,1,0,0,0,0,0,1,0,3,6,0,0,0,0,0,0,0,1,0,1,0,1,0,1,0,0,-0.4933,0.8,-1.17,0.2196,0.5776,0,0,0,0,0,40.0,49.15,45.6165290673503,39.99,0.94,3.63,3.28,1.0002500625156288,5.0,40.0,13776.83,163728.39,104623.52,158901.87,246.11,1.77,1.08,23.82,7.71,154.1,146.8,151.0,164.5,151.8,143.5,148.4,163.6,181.4,187.3,182.4,174.4,150.9,143.6,146.4,162.8,3.34,1.02,1.00902,63.61,8.0,74.2,0.639,0.005479,1.79,1407.26,849.75,1194.02,114.09,49.38,281503.3,1.71,53.08,85.76,34320.73,129.13,139.5,131.89,116.35,133.08,123.12,129.98,1.05,66153.21,59481.55,59481.55,6671.67,-1.7,2.49,38074.26,0.5751,1248438.0,0.5588,30497.52,26.0,79374.0,1730.44,245912.0,7430.68,0.0,28133.37,1516.61,0.4249,985625.0,408.0,0.4412,28543.69,1463.0,40.0,51.73,41.72,37.36,1174.0,66207.64,1007.9,2234063.0,1484.0,289.0,32.0,11.87,136.0,28.02,28133.37,0.4249,985625.0,0.4412
2026-06-12,2026-06-08,2026-06-12,0.07,2026,Hafta 24,40.0,47.47,48.84,43.88,38.9,1,4201.88,19.63,16450.1,1.15,46.14,53.29,6.31,65.97,91.3,99.9,0.000674,6233.43,0.012357,12743400000000.0,45,44,0.86,0,0,0,0,0,0,0,0,3,6,0,0,0,0,0,0,0,1,0,1,1,1,1,0,0,0,-0.1678,-0.59,-5.05,0.3929,0.1043,0,1,0,0,0,40.0,49.15,46.199556669303,40.08,0.95,3.0,2.93,1.0,5.0,40.0,13887.25,164620.13,105193.35,159767.32,239.04,0.98,1.08,23.81,7.48,154.1,146.8,151.0,164.5,151.8,143.5,148.4,163.6,181.4,187.3,182.4,174.4,150.9,143.6,146.4,162.8,3.17,1.03,1.000612,64.13,8.0,74.2,0.639,0.005479,2.48,1404.92,850.5,1197.66,114.09,49.66,228231.44,1.71,55.33,85.76,34832.63,129.83,140.61,133.32,117.17,133.4,123.68,128.83,1.05,66556.64,59956.42,59956.42,6600.23,-1.87,2.27,37583.49,0.5586,1248719.0,0.5586,30097.64,26.0,248381.0,7933.42,193605.0,2568.08,0.0,29700.11,1566.73,0.4414,986610.0,985.0,0.4414,30103.19,2026.0,40.0,52.13,41.98,37.79,1631.0,67283.6,1075.96,2235329.0,1266.0,395.0,138.0,24.08,1118.0,38.32,29700.11,0.4414,986610.0,0.4414
2026-06-19,2026-06-15,2026-06-19,0.03,2026,Hafta 25,39.99,47.5,48.85,44.0,39.05,1,4310.48,16.86,18510.08,1.16,46.34,53.6,6.46,69.23,80.38,100.03,0.000878,6419.64,0.017285,14011900000000.0,40,41,0.86,1,1,0,0,0,0,0,0,3,6,0,1,0,0,0,0,0,1,0,0,0,0,1,0,0,0,-0.0611,5.64,2.99,0.4354,-0.1464,0,0,0,0,0,40.0,49.15,46.199556669303,40.13,0.95,3.06,3.03,1.0002500625156288,5.0,40.0,13805.82,164772.54,105290.74,159915.23,238.29,0.98,1.09,23.81,7.47,154.1,146.8,151.0,164.5,151.8,143.5,148.4,163.6,181.4,187.3,182.4,174.4,150.9,143.6,146.4,162.8,3.17,1.02,1.004765,64.13,8.0,74.2,0.639,0.005479,2.48,1404.18,844.6,1201.32,114.09,49.71,446372.02,1.71,55.33,85.76,34474.86,129.95,141.39,132.49,117.34,133.12,124.66,129.17,1.05,67378.8,60742.78,60742.78,6636.01,-2.08,2.06,33101.6,0.4903,1242535.0,0.5554,26640.37,27.0,195731.0,3299.19,108273.0,4513.19,0.0,34410.31,4710.2,0.5097,994591.0,7981.0,0.4446,34597.44,2242.0,40.0,52.14,41.99,37.86,1832.0,67511.9,228.31,2237126.0,1797.0,410.0,1112.0,26.5,995.0,47.45,34410.31,0.5097,994591.0,0.4446
2026-06-26,2026-06-22,2026-06-26,-0.33,2026,Hafta 26,39.99,47.56,49.02,44.25,39.24,1,4082.26,18.54,18496.94,1.14,46.49,53.02,6.13,60.63,75.19,101.37,0.000971,6102.32,0.012038,11780507557331.38,39,42,0.92,0,1,0,1,0,0,0,0,3,6,0,1,0,0,0,0,0,1,0,0,0,0,0,0,0,0,-0.1919,-1.08,-4.94,0.3282,0.0958,0,1,0,0,0,40.0,49.15,46.199556669303,40.01,0.95,2.58,2.91,1.0002500625156288,5.0,40.0,14584.5,164843.92,105336.35,159984.51,219.04,0.96,1.09,23.81,7.51,154.1,146.8,151.0,164.5,151.8,143.5,148.4,163.6,181.4,187.3,182.4,174.4,150.9,143.6,146.4,162.8,3.17,1.01,1.018817,63.94,8.0,74.5,0.639,0.005479,2.47,1396.1,840.97,1192.12,114.09,49.64,-261631.36,1.71,55.32,87.93,33934.36,130.01,141.45,131.72,118.07,134.2,125.26,129.54,1.05,67731.49,61027.47,61027.47,6704.01,-1.85,2.3,32534.65,0.4812,1243465.0,0.5554,26164.51,28.0,109131.0,4730.63,70864.0,3647.42,0.0,35077.19,666.89,0.5188,995276.0,685.0,0.4446,35243.68,2058.0,40.0,52.14,41.98,37.84,1664.0,67611.84,99.94,2238741.0,1615.0,394.0,986.0,34.4,986.0,28.31,35077.19,0.5188,995276.0,0.4446
2026-07-03,2026-06-29,2026-07-03,-0.07,2026,Hafta 27,39.99,47.61,49.08,44.5,39.01,1,4056.55,16.71,17947.82,1.14,46.66,53.2,6.13,59.6,72.36,101.14,0.000476,6083.8,0.007952,11807791652057.07,38,40,1.64,1,0,1,1,0,0,0,0,3,7,0,1,0,0,0,0,0,1,0,0,0,0,0,1,0,0,-0.6892,-0.84,-0.3,0.3605,0.6563,0,0,0,0,0,40.0,49.15,45.6165290673503,39.96,0.94,3.2,3.27,1.0002500625156288,5.0,40.0,14426.85,204873.37,103765.04,185608.64,220.26,1.02,1.09,23.81,7.62,152.9,139.3,149.0,170.4,151.7,136.3,147.6,171.2,169.5,174.6,169.9,164.0,140.0,144.0,125.7,150.3,3.17,1.01,1.029747,62.85,7.4,74.5,0.5065,0.001096,2.42,1758.15,828.77,1369.37,114.09,49.69,-362042.92,0.99,52.86,87.93,33709.77,130.73,142.31,131.63,116.53,135.54,125.2,132.14,1.05,66754.59,60145.86,60145.86,6608.73,-1.94,2.2,31514.81,,1244519.0,,,27.0,,,,,,35005.19,,,995807.0,,,,1967.0,40.0,52.14,41.98,37.81,1571.0,66519.99,,2240326.0,,396.0,,,,,35005.19,,995807.0,
2026-07-10,2026-07-06,2026-07-10,,2026,Hafta 28,39.99,47.61,49.08,44.5,39.51,1,4165.9,16.29,17476.07,1.14,46.82,53.48,6.22,62.45,72.1,101.09,0.000687,6270.51,0.008335,3280007680542.97,36,36,1.64,0,0,1,0,0,0,0,0,3,7,0,1,0,0,0,0,0,1,0,0,0,0,0,1,0,0,-0.6488,0.0,3.07,0.3311,0.0,0,0,0,0,0,40.0,49.14979968328965,45.6165290673503,39.96,0.94,,,1.0002500625156288,5.0,40.0,14305.72,206342.61,104509.19,186939.72,220.63,1.83,1.09,23.81,7.62,152.9,139.3,149.0,170.4,151.7,136.3,147.6,171.2,169.5,174.6,169.9,164.0,140.0,144.0,125.7,150.3,3.17,1.01,1.041784,62.85,7.4,74.5,0.5065,0.005479,1.69,1813.75,833.6,1353.43,114.09,50.01,-356987.6,0.99,52.86,87.93,33823.03,131.66,143.7,132.58,113.77,138.12,125.37,131.97,1.05,65912.2,59355.35,59355.35,6556.85,-1.99,2.17,32229.99,,1246326.0,,,27.0,,,,,,34063.8,,,996044.0,,,,2195.0,40.0,51.98,41.88,37.71,1818.0,66293.79,,2242280.0,,377.0,,,,,34063.8,,996044.0,
